,y,x,xtest
0,100.0,14.0,46.15962742734996
1,100.0,10.0,46.15962742734996
2,100.0,30.0,46.15962742734996
3,100.0,10.0,46.15962742734996
4,100.0,91.0,46.15962742734996
5,100.0,100.0,46.15962742734996
6,100.0,90.0,46.15962742734996
7,100.0,19.0,46.15962742734996
8,100.0,29.0,46.15962742734996
9,100.0,40.0,46.15962742734996
10,100.0,30.0,46.15962742734996
11,100.0,30.0,46.15962742734996
12,100.0,10.0,46.15962742734996
13,100.0,40.0,46.15962742734996
14,100.0,365.0,46.15962742734996
15,100.0,270.0,46.15962742734996
16,100.0,10.0,46.15962742734996
17,100.0,14.0,46.15962742734996
18,100.0,29.0,46.15962742734996
19,100.0,30.0,46.15962742734996
20,100.0,30.0,46.15962742734996
21,100.0,10.0,46.15962742734996
22,100.0,30.0,46.15962742734996
23,100.0,30.0,46.15962742734996
24,100.0,12.0,46.15962742734996
25,100.0,30.0,46.15962742734996
26,100.0,30.0,46.15962742734996
27,100.0,30.0,46.15962742734996
28,100.0,32.0,46.15962742734996
29,100.0,30.0,46.15962742734996
30,100.0,28.0,46.15962742734996
31,100.0,15.0,46.15962742734996
32,100.0,90.0,46.15962742734996
33,100.0,30.0,46.15962742734996
34,100.0,91.0,46.15962742734996
35,100.0,38.0,46.15962742734996
36,100.0,30.0,46.15962742734996
37,100.0,30.0,46.15962742734996
38,100.0,30.0,46.15962742734996
39,100.0,10.0,46.15962742734996
40,100.0,56.0,46.15962742734996
41,100.0,30.0,46.15962742734996
42,100.0,156.0,46.15962742734996
43,100.0,14.0,46.15962742734996
44,100.0,30.0,46.15962742734996
45,100.0,10.0,46.15962742734996
46,100.0,15.0,46.15962742734996
47,100.0,30.0,46.15962742734996
48,100.0,28.0,46.15962742734996
49,100.0,30.0,46.15962742734996
50,100.0,30.0,46.15962742734996
51,100.0,30.0,46.15962742734996
52,100.0,90.0,46.15962742734996
53,100.0,28.0,46.15962742734996
54,100.0,28.0,46.15962742734996
55,100.0,15.0,46.15962742734996
56,100.0,11.0,46.15962742734996
57,100.0,10.0,46.15962742734996
58,100.0,91.0,46.15962742734996
59,100.0,400.0,46.15962742734996
60,100.0,25.0,46.15962742734996
61,100.0,30.0,46.15962742734996
62,100.0,28.0,46.15962742734996
63,100.0,30.0,46.15962742734996
64,100.0,10.0,46.15962742734996
65,100.0,30.0,46.15962742734996
66,100.0,10.0,46.15962742734996
67,100.0,30.0,46.15962742734996
68,100.0,30.0,46.15962742734996
69,100.0,30.0,46.15962742734996
70,100.0,10.0,46.15962742734996
71,100.0,21.0,46.15962742734996
72,100.0,13.0,46.15962742734996
73,100.0,30.0,46.15962742734996
74,100.0,10.0,46.15962742734996
75,100.0,15.0,46.15962742734996
76,100.0,10.0,46.15962742734996
77,100.0,90.0,46.15962742734996
78,100.0,180.0,46.15962742734996
79,100.0,30.0,46.15962742734996
80,100.0,14.0,46.15962742734996
81,100.0,30.0,46.15962742734996
82,100.0,90.0,46.15962742734996
83,100.0,10.0,46.15962742734996
84,100.0,30.0,46.15962742734996
85,100.0,91.0,46.15962742734996
86,100.0,90.0,46.15962742734996
87,100.0,91.0,46.15962742734996
88,100.0,28.0,46.15962742734996
89,100.0,30.0,46.15962742734996
90,100.0,20.0,46.15962742734996
91,100.0,10.0,46.15962742734996
92,100.0,15.0,46.15962742734996
93,100.0,22.0,46.15962742734996
94,100.0,28.0,46.15962742734996
95,100.0,30.0,46.15962742734996
96,100.0,31.0,46.15962742734996
97,100.0,30.0,46.15962742734996
98,100.0,14.0,46.15962742734996
99,100.0,30.0,46.15962742734996
100,100.0,110.0,46.15962742734996
101,100.0,10.0,46.15962742734996
102,100.0,30.0,46.15962742734996
103,100.0,91.0,46.15962742734996
104,100.0,20.0,46.15962742734996
105,100.0,12.0,46.15962742734996
106,100.0,10.0,46.15962742734996
107,100.0,30.0,46.15962742734996
108,100.0,28.0,46.15962742734996
109,100.0,45.0,46.15962742734996
110,100.0,30.0,46.15962742734996
111,100.0,14.0,46.15962742734996
112,100.0,14.0,46.15962742734996
113,100.0,10.0,46.15962742734996
114,100.0,28.0,46.15962742734996
115,100.0,13.0,46.15962742734996
116,100.0,28.0,46.15962742734996
117,100.0,15.0,46.15962742734996
118,100.0,30.0,46.15962742734996
119,100.0,10.0,46.15962742734996
120,100.0,30.0,46.15962742734996
121,100.0,85.0,46.15962742734996
122,100.0,30.0,46.15962742734996
123,100.0,30.0,46.15962742734996
124,100.0,90.0,46.15962742734996
125,100.0,120.0,46.15962742734996
126,100.0,30.0,46.15962742734996
127,100.0,15.0,46.15962742734996
128,100.0,60.0,46.15962742734996
129,100.0,10.0,46.15962742734996
130,100.0,90.0,46.15962742734996
131,100.0,10.0,46.15962742734996
132,100.0,10.0,46.15962742734996
133,100.0,20.0,46.15962742734996
134,100.0,10.0,46.15962742734996
135,100.0,30.0,46.15962742734996
136,100.0,12.0,46.15962742734996
137,100.0,30.0,46.15962742734996
138,100.0,30.0,46.15962742734996
139,100.0,30.0,46.15962742734996
140,100.0,100.0,46.15962742734996
141,100.0,21.0,46.15962742734996
142,100.0,20.0,46.15962742734996
143,100.0,14.0,46.15962742734996
144,99.0,30.0,45.94805135253715
145,99.0,10.0,45.94805135253715
146,99.0,30.0,45.94805135253715
147,99.0,30.0,45.94805135253715
148,99.0,30.0,45.94805135253715
149,99.0,15.0,45.94805135253715
150,99.0,30.0,45.94805135253715
151,99.0,30.0,45.94805135253715
152,99.0,15.0,45.94805135253715
153,99.0,15.0,45.94805135253715
154,99.0,20.0,45.94805135253715
155,99.0,92.0,45.94805135253715
156,99.0,10.0,45.94805135253715
157,99.0,10.0,45.94805135253715
158,99.0,300.0,45.94805135253715
159,99.0,28.0,45.94805135253715
160,99.0,30.0,45.94805135253715
161,99.0,21.0,45.94805135253715
162,99.0,20.0,45.94805135253715
163,99.0,70.0,45.94805135253715
164,99.0,10.0,45.94805135253715
165,99.0,28.0,45.94805135253715
166,99.0,30.0,45.94805135253715
167,99.0,15.0,45.94805135253715
168,99.0,30.0,45.94805135253715
169,99.0,30.0,45.94805135253715
170,99.0,30.0,45.94805135253715
171,99.0,10.0,45.94805135253715
172,99.0,14.0,45.94805135253715
173,99.0,30.0,45.94805135253715
174,99.0,30.0,45.94805135253715
175,99.0,30.0,45.94805135253715
176,99.0,30.0,45.94805135253715
177,98.0,20.0,45.73647527772433
178,98.0,100.0,45.73647527772433
179,98.0,270.0,45.73647527772433
180,98.0,120.0,45.73647527772433
181,98.0,12.0,45.73647527772433
182,98.0,30.0,45.73647527772433
183,98.0,50.0,45.73647527772433
184,98.0,90.0,45.73647527772433
185,98.0,25.0,45.73647527772433
186,98.0,30.0,45.73647527772433
187,98.0,14.0,45.73647527772433
188,98.0,10.0,45.73647527772433
189,98.0,10.0,45.73647527772433
190,98.0,20.0,45.73647527772433
191,98.0,60.0,45.73647527772433
192,98.0,28.0,45.73647527772433
193,98.0,30.0,45.73647527772433
194,98.0,30.0,45.73647527772433
195,98.0,30.0,45.73647527772433
196,98.0,120.0,45.73647527772433
197,98.0,91.0,45.73647527772433
198,97.0,91.0,45.52489920291152
199,97.0,10.0,45.52489920291152
200,96.0,27.0,45.3133231280987
201,96.0,30.0,45.3133231280987
202,96.0,28.0,45.3133231280987
203,96.0,270.0,45.3133231280987
204,96.0,30.0,45.3133231280987
205,95.0,30.0,45.10174705328589
206,95.0,10.0,45.10174705328589
207,95.0,10.0,45.10174705328589
208,95.0,30.0,45.10174705328589
209,95.0,365.0,45.10174705328589
210,95.0,10.0,45.10174705328589
211,95.0,270.0,45.10174705328589
212,95.0,15.0,45.10174705328589
213,95.0,14.0,45.10174705328589
214,95.0,21.0,45.10174705328589
215,95.0,10.0,45.10174705328589
216,95.0,19.0,45.10174705328589
217,95.0,28.0,45.10174705328589
218,95.0,10.0,45.10174705328589
219,95.0,10.0,45.10174705328589
220,95.0,30.0,45.10174705328589
221,95.0,14.0,45.10174705328589
222,95.0,270.0,45.10174705328589
223,95.0,30.0,45.10174705328589
224,95.0,90.0,45.10174705328589
225,95.0,45.0,45.10174705328589
226,95.0,30.0,45.10174705328589
227,95.0,15.0,45.10174705328589
228,95.0,30.0,45.10174705328589
229,95.0,14.0,45.10174705328589
230,95.0,14.0,45.10174705328589
231,95.0,30.0,45.10174705328589
232,95.0,14.0,45.10174705328589
233,95.0,91.0,45.10174705328589
234,95.0,30.0,45.10174705328589
235,95.0,29.0,45.10174705328589
236,95.0,15.0,45.10174705328589
237,95.0,89.0,45.10174705328589
238,95.0,30.0,45.10174705328589
239,95.0,10.0,45.10174705328589
240,95.0,270.0,45.10174705328589
241,95.0,30.0,45.10174705328589
242,95.0,91.0,45.10174705328589
243,95.0,30.0,45.10174705328589
244,95.0,29.0,45.10174705328589
245,95.0,91.0,45.10174705328589
246,95.0,10.0,45.10174705328589
247,95.0,26.0,45.10174705328589
248,95.0,15.0,45.10174705328589
249,95.0,10.0,45.10174705328589
250,95.0,10.0,45.10174705328589
251,95.0,30.0,45.10174705328589
252,95.0,90.0,45.10174705328589
253,95.0,30.0,45.10174705328589
254,95.0,14.0,45.10174705328589
255,94.0,91.0,44.89017097847308
256,94.0,30.0,44.89017097847308
257,94.0,30.0,44.89017097847308
258,94.0,90.0,44.89017097847308
259,94.0,30.0,44.89017097847308
260,94.0,91.0,44.89017097847308
261,93.0,30.0,44.67859490366027
262,93.0,30.0,44.67859490366027
263,93.0,31.0,44.67859490366027
264,93.0,10.0,44.67859490366027
265,93.0,14.0,44.67859490366027
266,92.0,30.0,44.46701882884746
267,92.0,91.0,44.46701882884746
268,92.0,91.0,44.46701882884746
269,92.0,13.0,44.46701882884746
270,91.0,91.0,44.25544275403464
271,91.0,30.0,44.25544275403464
272,90.0,500.0,44.04386667922183
273,90.0,30.0,44.04386667922183
274,90.0,10.0,44.04386667922183
275,90.0,60.0,44.04386667922183
276,90.0,21.0,44.04386667922183
277,90.0,90.0,44.04386667922183
278,90.0,30.0,44.04386667922183
279,90.0,30.0,44.04386667922183
280,90.0,30.0,44.04386667922183
281,90.0,14.0,44.04386667922183
282,90.0,29.0,44.04386667922183
283,90.0,20.0,44.04386667922183
284,90.0,10.0,44.04386667922183
285,90.0,30.0,44.04386667922183
286,90.0,10.0,44.04386667922183
287,90.0,30.0,44.04386667922183
288,90.0,30.0,44.04386667922183
289,90.0,14.0,44.04386667922183
290,90.0,15.0,44.04386667922183
291,90.0,15.0,44.04386667922183
292,90.0,10.0,44.04386667922183
293,90.0,30.0,44.04386667922183
294,90.0,14.0,44.04386667922183
295,90.0,25.0,44.04386667922183
296,90.0,30.0,44.04386667922183
297,90.0,14.0,44.04386667922183
298,90.0,20.0,44.04386667922183
299,90.0,30.0,44.04386667922183
300,90.0,31.0,44.04386667922183
301,90.0,50.0,44.04386667922183
302,90.0,30.0,44.04386667922183
303,90.0,31.0,44.04386667922183
304,90.0,10.0,44.04386667922183
305,90.0,30.0,44.04386667922183
306,90.0,30.0,44.04386667922183
307,90.0,30.0,44.04386667922183
308,90.0,10.0,44.04386667922183
309,90.0,14.0,44.04386667922183
310,90.0,15.0,44.04386667922183
311,90.0,30.0,44.04386667922183
312,90.0,20.0,44.04386667922183
313,90.0,16.0,44.04386667922183
314,90.0,15.0,44.04386667922183
315,90.0,10.0,44.04386667922183
316,90.0,28.0,44.04386667922183
317,90.0,12.0,44.04386667922183
318,90.0,20.0,44.04386667922183
319,90.0,92.0,44.04386667922183
320,90.0,30.0,44.04386667922183
321,90.0,20.0,44.04386667922183
322,90.0,13.0,44.04386667922183
323,90.0,28.0,44.04386667922183
324,90.0,30.0,44.04386667922183
325,90.0,20.0,44.04386667922183
326,90.0,20.0,44.04386667922183
327,90.0,30.0,44.04386667922183
328,90.0,30.0,44.04386667922183
329,90.0,90.0,44.04386667922183
330,90.0,15.0,44.04386667922183
331,90.0,10.0,44.04386667922183
332,90.0,10.0,44.04386667922183
333,90.0,10.0,44.04386667922183
334,90.0,30.0,44.04386667922183
335,90.0,14.0,44.04386667922183
336,90.0,32.0,44.04386667922183
337,90.0,20.0,44.04386667922183
338,90.0,25.0,44.04386667922183
339,90.0,30.0,44.04386667922183
340,90.0,30.0,44.04386667922183
341,90.0,10.0,44.04386667922183
342,90.0,20.0,44.04386667922183
343,90.0,91.0,44.04386667922183
344,90.0,14.0,44.04386667922183
345,90.0,10.0,44.04386667922183
346,90.0,20.0,44.04386667922183
347,90.0,15.0,44.04386667922183
348,90.0,30.0,44.04386667922183
349,90.0,15.0,44.04386667922183
350,90.0,90.0,44.04386667922183
351,90.0,180.0,44.04386667922183
352,90.0,15.0,44.04386667922183
353,90.0,13.0,44.04386667922183
354,90.0,15.0,44.04386667922183
355,90.0,60.0,44.04386667922183
356,90.0,23.0,44.04386667922183
357,90.0,90.0,44.04386667922183
358,90.0,60.0,44.04386667922183
359,90.0,30.0,44.04386667922183
360,90.0,10.0,44.04386667922183
361,90.0,10.0,44.04386667922183
362,90.0,25.0,44.04386667922183
363,90.0,11.0,44.04386667922183
364,90.0,10.0,44.04386667922183
365,90.0,30.0,44.04386667922183
366,89.0,30.0,43.83229060440901
367,89.0,400.0,43.83229060440901
368,89.0,91.0,43.83229060440901
369,89.0,15.0,43.83229060440901
370,89.0,20.0,43.83229060440901
371,89.0,14.0,43.83229060440901
372,89.0,18.0,43.83229060440901
373,89.0,30.0,43.83229060440901
374,89.0,30.0,43.83229060440901
375,89.0,20.0,43.83229060440901
376,89.0,15.0,43.83229060440901
377,89.0,30.0,43.83229060440901
378,89.0,10.0,43.83229060440901
379,89.0,10.0,43.83229060440901
380,89.0,15.0,43.83229060440901
381,89.0,10.0,43.83229060440901
382,89.0,30.0,43.83229060440901
383,89.0,10.0,43.83229060440901
384,89.0,14.0,43.83229060440901
385,89.0,30.0,43.83229060440901
386,88.0,30.0,43.6207145295962
387,88.0,10.0,43.6207145295962
388,88.0,90.0,43.6207145295962
389,88.0,28.0,43.6207145295962
390,88.0,10.0,43.6207145295962
391,88.0,30.0,43.6207145295962
392,88.0,29.0,43.6207145295962
393,88.0,30.0,43.6207145295962
394,88.0,30.0,43.6207145295962
395,88.0,20.0,43.6207145295962
396,88.0,30.0,43.6207145295962
397,87.0,30.0,43.40913845478339
398,87.0,30.0,43.40913845478339
399,87.0,28.0,43.40913845478339
400,87.0,91.0,43.40913845478339
401,87.0,91.0,43.40913845478339
402,87.0,30.0,43.40913845478339
403,87.0,30.0,43.40913845478339
404,87.0,28.0,43.40913845478339
405,87.0,10.0,43.40913845478339
406,87.0,12.0,43.40913845478339
407,87.0,30.0,43.40913845478339
408,87.0,12.0,43.40913845478339
409,87.0,365.0,43.40913845478339
410,87.0,30.0,43.40913845478339
411,87.0,28.0,43.40913845478339
412,86.0,30.0,43.19756237997058
413,86.0,60.0,43.19756237997058
414,86.0,91.0,43.19756237997058
415,86.0,30.0,43.19756237997058
416,86.0,30.0,43.19756237997058
417,86.0,28.0,43.19756237997058
418,85.0,30.0,42.985986305157766
419,85.0,91.0,42.985986305157766
420,85.0,180.0,42.985986305157766
421,85.0,20.0,42.985986305157766
422,85.0,365.0,42.985986305157766
423,85.0,15.0,42.985986305157766
424,85.0,30.0,42.985986305157766
425,85.0,15.0,42.985986305157766
426,85.0,10.0,42.985986305157766
427,85.0,80.0,42.985986305157766
428,85.0,14.0,42.985986305157766
429,85.0,30.0,42.985986305157766
430,85.0,12.0,42.985986305157766
431,85.0,30.0,42.985986305157766
432,85.0,30.0,42.985986305157766
433,85.0,30.0,42.985986305157766
434,85.0,14.0,42.985986305157766
435,85.0,10.0,42.985986305157766
436,85.0,28.0,42.985986305157766
437,85.0,21.0,42.985986305157766
438,85.0,58.0,42.985986305157766
439,85.0,30.0,42.985986305157766
440,85.0,20.0,42.985986305157766
441,85.0,10.0,42.985986305157766
442,85.0,20.0,42.985986305157766
443,85.0,30.0,42.985986305157766
444,85.0,15.0,42.985986305157766
445,85.0,14.0,42.985986305157766
446,85.0,30.0,42.985986305157766
447,85.0,90.0,42.985986305157766
448,85.0,10.0,42.985986305157766
449,85.0,12.0,42.985986305157766
450,85.0,30.0,42.985986305157766
451,85.0,20.0,42.985986305157766
452,85.0,65.0,42.985986305157766
453,85.0,120.0,42.985986305157766
454,85.0,10.0,42.985986305157766
455,85.0,365.0,42.985986305157766
456,85.0,59.0,42.985986305157766
457,85.0,14.0,42.985986305157766
458,85.0,30.0,42.985986305157766
459,85.0,20.0,42.985986305157766
460,85.0,20.0,42.985986305157766
461,85.0,30.0,42.985986305157766
462,85.0,20.0,42.985986305157766
463,85.0,10.0,42.985986305157766
464,85.0,15.0,42.985986305157766
465,85.0,14.0,42.985986305157766
466,85.0,20.0,42.985986305157766
467,85.0,10.0,42.985986305157766
468,85.0,20.0,42.985986305157766
469,85.0,500.0,42.985986305157766
470,85.0,91.0,42.985986305157766
471,85.0,60.0,42.985986305157766
472,85.0,30.0,42.985986305157766
473,85.0,15.0,42.985986305157766
474,85.0,12.0,42.985986305157766
475,85.0,12.0,42.985986305157766
476,85.0,10.0,42.985986305157766
477,85.0,14.0,42.985986305157766
478,85.0,91.0,42.985986305157766
479,85.0,90.0,42.985986305157766
480,85.0,15.0,42.985986305157766
481,85.0,21.0,42.985986305157766
482,85.0,10.0,42.985986305157766
483,85.0,30.0,42.985986305157766
484,85.0,270.0,42.985986305157766
485,85.0,11.0,42.985986305157766
486,85.0,30.0,42.985986305157766
487,85.0,30.0,42.985986305157766
488,85.0,15.0,42.985986305157766
489,85.0,14.0,42.985986305157766
490,85.0,15.0,42.985986305157766
491,85.0,13.0,42.985986305157766
492,85.0,30.0,42.985986305157766
493,85.0,30.0,42.985986305157766
494,85.0,30.0,42.985986305157766
495,85.0,180.0,42.985986305157766
496,85.0,30.0,42.985986305157766
497,85.0,30.0,42.985986305157766
498,84.0,15.0,42.77441023034495
499,84.0,30.0,42.77441023034495
500,84.0,30.0,42.77441023034495
501,84.0,30.0,42.77441023034495
502,84.0,20.0,42.77441023034495
503,83.0,300.0,42.56283415553214
504,83.0,30.0,42.56283415553214
505,83.0,50.0,42.56283415553214
506,83.0,30.0,42.56283415553214
507,83.0,30.0,42.56283415553214
508,83.0,30.0,42.56283415553214
509,83.0,30.0,42.56283415553214
510,83.0,31.0,42.56283415553214
511,82.0,30.0,42.35125808071932
512,82.0,365.0,42.35125808071932
513,82.0,10.0,42.35125808071932
514,82.0,30.0,42.35125808071932
515,82.0,30.0,42.35125808071932
516,82.0,30.0,42.35125808071932
517,82.0,21.0,42.35125808071932
518,82.0,30.0,42.35125808071932
519,82.0,14.0,42.35125808071932
520,82.0,30.0,42.35125808071932
521,82.0,28.0,42.35125808071932
522,81.0,91.0,42.13968200590651
523,81.0,30.0,42.13968200590651
524,81.0,30.0,42.13968200590651
525,81.0,30.0,42.13968200590651
526,81.0,91.0,42.13968200590651
527,80.0,91.0,41.9281059310937
528,80.0,30.0,41.9281059310937
529,80.0,85.0,41.9281059310937
530,80.0,30.0,41.9281059310937
531,80.0,15.0,41.9281059310937
532,80.0,29.0,41.9281059310937
533,80.0,10.0,41.9281059310937
534,80.0,10.0,41.9281059310937
535,80.0,20.0,41.9281059310937
536,80.0,15.0,41.9281059310937
537,80.0,30.0,41.9281059310937
538,80.0,30.0,41.9281059310937
539,80.0,30.0,41.9281059310937
540,80.0,14.0,41.9281059310937
541,80.0,30.0,41.9281059310937
542,80.0,30.0,41.9281059310937
543,80.0,20.0,41.9281059310937
544,80.0,23.0,41.9281059310937
545,80.0,25.0,41.9281059310937
546,80.0,14.0,41.9281059310937
547,80.0,20.0,41.9281059310937
548,80.0,90.0,41.9281059310937
549,80.0,30.0,41.9281059310937
550,80.0,30.0,41.9281059310937
551,80.0,10.0,41.9281059310937
552,80.0,10.0,41.9281059310937
553,80.0,10.0,41.9281059310937
554,80.0,30.0,41.9281059310937
555,80.0,91.0,41.9281059310937
556,80.0,30.0,41.9281059310937
557,80.0,12.0,41.9281059310937
558,80.0,40.0,41.9281059310937
559,80.0,29.0,41.9281059310937
560,80.0,10.0,41.9281059310937
561,80.0,30.0,41.9281059310937
562,80.0,28.0,41.9281059310937
563,80.0,30.0,41.9281059310937
564,80.0,15.0,41.9281059310937
565,80.0,370.0,41.9281059310937
566,80.0,15.0,41.9281059310937
567,80.0,20.0,41.9281059310937
568,80.0,21.0,41.9281059310937
569,80.0,30.0,41.9281059310937
570,80.0,30.0,41.9281059310937
571,80.0,30.0,41.9281059310937
572,80.0,25.0,41.9281059310937
573,80.0,15.0,41.9281059310937
574,80.0,30.0,41.9281059310937
575,80.0,13.0,41.9281059310937
576,80.0,30.0,41.9281059310937
577,80.0,30.0,41.9281059310937
578,80.0,17.0,41.9281059310937
579,80.0,10.0,41.9281059310937
580,80.0,10.0,41.9281059310937
581,80.0,120.0,41.9281059310937
582,80.0,12.0,41.9281059310937
583,80.0,30.0,41.9281059310937
584,80.0,15.0,41.9281059310937
585,80.0,10.0,41.9281059310937
586,80.0,30.0,41.9281059310937
587,80.0,300.0,41.9281059310937
588,80.0,14.0,41.9281059310937
589,80.0,90.0,41.9281059310937
590,80.0,14.0,41.9281059310937
591,80.0,15.0,41.9281059310937
592,80.0,90.0,41.9281059310937
593,80.0,15.0,41.9281059310937
594,80.0,30.0,41.9281059310937
595,80.0,28.0,41.9281059310937
596,80.0,30.0,41.9281059310937
597,80.0,15.0,41.9281059310937
598,80.0,10.0,41.9281059310937
599,80.0,30.0,41.9281059310937
600,80.0,10.0,41.9281059310937
601,80.0,29.0,41.9281059310937
602,80.0,30.0,41.9281059310937
603,80.0,14.0,41.9281059310937
604,80.0,30.0,41.9281059310937
605,80.0,30.0,41.9281059310937
606,80.0,10.0,41.9281059310937
607,80.0,30.0,41.9281059310937
608,80.0,10.0,41.9281059310937
609,80.0,10.0,41.9281059310937
610,80.0,15.0,41.9281059310937
611,80.0,15.0,41.9281059310937
612,80.0,15.0,41.9281059310937
613,80.0,10.0,41.9281059310937
614,80.0,15.0,41.9281059310937
615,80.0,30.0,41.9281059310937
616,80.0,90.0,41.9281059310937
617,80.0,10.0,41.9281059310937
618,80.0,365.0,41.9281059310937
619,80.0,30.0,41.9281059310937
620,80.0,90.0,41.9281059310937
621,80.0,14.0,41.9281059310937
622,80.0,10.0,41.9281059310937
623,80.0,10.0,41.9281059310937
624,80.0,30.0,41.9281059310937
625,80.0,30.0,41.9281059310937
626,80.0,12.0,41.9281059310937
627,80.0,25.0,41.9281059310937
628,80.0,30.0,41.9281059310937
629,80.0,30.0,41.9281059310937
630,80.0,30.0,41.9281059310937
631,80.0,10.0,41.9281059310937
632,80.0,90.0,41.9281059310937
633,80.0,500.0,41.9281059310937
634,80.0,15.0,41.9281059310937
635,80.0,15.0,41.9281059310937
636,80.0,14.0,41.9281059310937
637,80.0,10.0,41.9281059310937
638,80.0,17.0,41.9281059310937
639,80.0,45.0,41.9281059310937
640,80.0,30.0,41.9281059310937
641,80.0,14.0,41.9281059310937
642,80.0,10.0,41.9281059310937
643,80.0,45.0,41.9281059310937
644,80.0,270.0,41.9281059310937
645,80.0,30.0,41.9281059310937
646,80.0,14.0,41.9281059310937
647,80.0,30.0,41.9281059310937
648,80.0,14.0,41.9281059310937
649,80.0,25.0,41.9281059310937
650,80.0,10.0,41.9281059310937
651,80.0,15.0,41.9281059310937
652,80.0,10.0,41.9281059310937
653,80.0,15.0,41.9281059310937
654,80.0,10.0,41.9281059310937
655,80.0,91.0,41.9281059310937
656,80.0,14.0,41.9281059310937
657,80.0,50.0,41.9281059310937
658,80.0,15.0,41.9281059310937
659,80.0,30.0,41.9281059310937
660,79.0,200.0,41.716529856280886
661,79.0,90.0,41.716529856280886
662,79.0,31.0,41.716529856280886
663,79.0,30.0,41.716529856280886
664,79.0,21.0,41.716529856280886
665,79.0,28.0,41.716529856280886
666,79.0,14.0,41.716529856280886
667,79.0,30.0,41.716529856280886
668,79.0,60.0,41.716529856280886
669,79.0,28.0,41.716529856280886
670,79.0,100.0,41.716529856280886
671,79.0,30.0,41.716529856280886
672,79.0,14.0,41.716529856280886
673,79.0,31.0,41.716529856280886
674,79.0,28.0,41.716529856280886
675,79.0,30.0,41.716529856280886
676,79.0,60.0,41.716529856280886
677,79.0,14.0,41.716529856280886
678,79.0,20.0,41.716529856280886
679,79.0,30.0,41.716529856280886
680,79.0,30.0,41.716529856280886
681,79.0,10.0,41.716529856280886
682,79.0,180.0,41.716529856280886
683,78.0,18.0,41.504953781468075
684,78.0,20.0,41.504953781468075
685,78.0,91.0,41.504953781468075
686,78.0,29.0,41.504953781468075
687,78.0,30.0,41.504953781468075
688,78.0,15.0,41.504953781468075
689,78.0,21.0,41.504953781468075
690,78.0,30.0,41.504953781468075
691,78.0,19.0,41.504953781468075
692,78.0,10.0,41.504953781468075
693,78.0,30.0,41.504953781468075
694,78.0,30.0,41.504953781468075
695,78.0,17.0,41.504953781468075
696,77.0,15.0,41.29337770665526
697,77.0,10.0,41.29337770665526
698,77.0,30.0,41.29337770665526
699,77.0,14.0,41.29337770665526
700,77.0,365.0,41.29337770665526
701,77.0,120.0,41.29337770665526
702,76.0,30.0,41.081801631842445
703,76.0,91.0,41.081801631842445
704,76.0,30.0,41.081801631842445
705,76.0,28.0,41.081801631842445
706,76.0,30.0,41.081801631842445
707,76.0,200.0,41.081801631842445
708,76.0,30.0,41.081801631842445
709,76.0,28.0,41.081801631842445
710,76.0,10.0,41.081801631842445
711,76.0,30.0,41.081801631842445
712,76.0,30.0,41.081801631842445
713,75.0,30.0,40.87022555702963
714,75.0,30.0,40.87022555702963
715,75.0,10.0,40.87022555702963
716,75.0,15.0,40.87022555702963
717,75.0,15.0,40.87022555702963
718,75.0,30.0,40.87022555702963
719,75.0,30.0,40.87022555702963
720,75.0,10.0,40.87022555702963
721,75.0,30.0,40.87022555702963
722,75.0,15.0,40.87022555702963
723,75.0,91.0,40.87022555702963
724,75.0,15.0,40.87022555702963
725,75.0,15.0,40.87022555702963
726,75.0,30.0,40.87022555702963
727,75.0,30.0,40.87022555702963
728,75.0,10.0,40.87022555702963
729,75.0,91.0,40.87022555702963
730,75.0,30.0,40.87022555702963
731,75.0,15.0,40.87022555702963
732,75.0,10.0,40.87022555702963
733,75.0,270.0,40.87022555702963
734,75.0,10.0,40.87022555702963
735,75.0,30.0,40.87022555702963
736,75.0,10.0,40.87022555702963
737,75.0,21.0,40.87022555702963
738,75.0,99.0,40.87022555702963
739,75.0,20.0,40.87022555702963
740,75.0,15.0,40.87022555702963
741,75.0,200.0,40.87022555702963
742,75.0,30.0,40.87022555702963
743,75.0,30.0,40.87022555702963
744,75.0,14.0,40.87022555702963
745,75.0,13.0,40.87022555702963
746,75.0,20.0,40.87022555702963
747,75.0,10.0,40.87022555702963
748,75.0,10.0,40.87022555702963
749,75.0,10.0,40.87022555702963
750,75.0,11.0,40.87022555702963
751,75.0,30.0,40.87022555702963
752,75.0,30.0,40.87022555702963
753,75.0,15.0,40.87022555702963
754,75.0,10.0,40.87022555702963
755,75.0,31.0,40.87022555702963
756,75.0,27.0,40.87022555702963
757,75.0,14.0,40.87022555702963
758,75.0,30.0,40.87022555702963
759,75.0,180.0,40.87022555702963
760,75.0,93.0,40.87022555702963
761,75.0,30.0,40.87022555702963
762,75.0,12.0,40.87022555702963
763,75.0,10.0,40.87022555702963
764,75.0,30.0,40.87022555702963
765,75.0,150.0,40.87022555702963
766,75.0,25.0,40.87022555702963
767,75.0,10.0,40.87022555702963
768,75.0,14.0,40.87022555702963
769,75.0,120.0,40.87022555702963
770,75.0,75.0,40.87022555702963
771,75.0,30.0,40.87022555702963
772,75.0,15.0,40.87022555702963
773,75.0,120.0,40.87022555702963
774,75.0,30.0,40.87022555702963
775,75.0,30.0,40.87022555702963
776,75.0,30.0,40.87022555702963
777,75.0,10.0,40.87022555702963
778,75.0,10.0,40.87022555702963
779,75.0,30.0,40.87022555702963
780,75.0,30.0,40.87022555702963
781,75.0,60.0,40.87022555702963
782,75.0,10.0,40.87022555702963
783,75.0,91.0,40.87022555702963
784,75.0,18.0,40.87022555702963
785,75.0,60.0,40.87022555702963
786,75.0,10.0,40.87022555702963
787,75.0,10.0,40.87022555702963
788,75.0,330.0,40.87022555702963
789,75.0,30.0,40.87022555702963
790,75.0,28.0,40.87022555702963
791,75.0,31.0,40.87022555702963
792,75.0,30.0,40.87022555702963
793,75.0,30.0,40.87022555702963
794,75.0,30.0,40.87022555702963
795,75.0,14.0,40.87022555702963
796,75.0,25.0,40.87022555702963
797,75.0,90.0,40.87022555702963
798,75.0,30.0,40.87022555702963
799,75.0,30.0,40.87022555702963
800,75.0,30.0,40.87022555702963
801,75.0,35.0,40.87022555702963
802,75.0,10.0,40.87022555702963
803,75.0,15.0,40.87022555702963
804,75.0,30.0,40.87022555702963
805,75.0,15.0,40.87022555702963
806,75.0,10.0,40.87022555702963
807,75.0,30.0,40.87022555702963
808,74.0,18.0,40.658649482216816
809,74.0,28.0,40.658649482216816
810,74.0,30.0,40.658649482216816
811,74.0,30.0,40.658649482216816
812,74.0,91.0,40.658649482216816
813,74.0,95.0,40.658649482216816
814,74.0,15.0,40.658649482216816
815,74.0,28.0,40.658649482216816
816,73.0,90.0,40.447073407404005
817,73.0,30.0,40.447073407404005
818,73.0,13.0,40.447073407404005
819,73.0,10.0,40.447073407404005
820,73.0,10.0,40.447073407404005
821,73.0,30.0,40.447073407404005
822,73.0,30.0,40.447073407404005
823,73.0,30.0,40.447073407404005
824,72.0,120.0,40.235497332591194
825,72.0,20.0,40.235497332591194
826,72.0,16.0,40.235497332591194
827,72.0,30.0,40.235497332591194
828,72.0,120.0,40.235497332591194
829,72.0,14.0,40.235497332591194
830,72.0,60.0,40.235497332591194
831,72.0,20.0,40.235497332591194
832,72.0,10.0,40.235497332591194
833,72.0,30.0,40.235497332591194
834,72.0,15.0,40.235497332591194
835,72.0,10.0,40.235497332591194
836,72.0,28.0,40.235497332591194
837,72.0,28.0,40.235497332591194
838,71.0,14.0,40.023921257778376
839,71.0,20.0,40.023921257778376
840,71.0,10.0,40.023921257778376
841,71.0,20.0,40.023921257778376
842,71.0,30.0,40.023921257778376
843,71.0,91.0,40.023921257778376
844,71.0,30.0,40.023921257778376
845,70.0,30.0,39.812345182965565
846,70.0,10.0,39.812345182965565
847,70.0,30.0,39.812345182965565
848,70.0,10.0,39.812345182965565
849,70.0,90.0,39.812345182965565
850,70.0,15.0,39.812345182965565
851,70.0,300.0,39.812345182965565
852,70.0,29.0,39.812345182965565
853,70.0,25.0,39.812345182965565
854,70.0,92.0,39.812345182965565
855,70.0,30.0,39.812345182965565
856,70.0,14.0,39.812345182965565
857,70.0,90.0,39.812345182965565
858,70.0,30.0,39.812345182965565
859,70.0,15.0,39.812345182965565
860,70.0,14.0,39.812345182965565
861,70.0,20.0,39.812345182965565
862,70.0,30.0,39.812345182965565
863,70.0,30.0,39.812345182965565
864,70.0,14.0,39.812345182965565
865,70.0,360.0,39.812345182965565
866,70.0,10.0,39.812345182965565
867,70.0,30.0,39.812345182965565
868,70.0,14.0,39.812345182965565
869,70.0,20.0,39.812345182965565
870,70.0,20.0,39.812345182965565
871,70.0,30.0,39.812345182965565
872,70.0,10.0,39.812345182965565
873,70.0,30.0,39.812345182965565
874,70.0,60.0,39.812345182965565
875,70.0,30.0,39.812345182965565
876,70.0,30.0,39.812345182965565
877,70.0,30.0,39.812345182965565
878,70.0,30.0,39.812345182965565
879,70.0,10.0,39.812345182965565
880,70.0,30.0,39.812345182965565
881,70.0,30.0,39.812345182965565
882,70.0,30.0,39.812345182965565
883,70.0,14.0,39.812345182965565
884,70.0,10.0,39.812345182965565
885,70.0,10.0,39.812345182965565
886,70.0,93.0,39.812345182965565
887,70.0,20.0,39.812345182965565
888,70.0,18.0,39.812345182965565
889,70.0,50.0,39.812345182965565
890,70.0,30.0,39.812345182965565
891,70.0,10.0,39.812345182965565
892,70.0,13.0,39.812345182965565
893,70.0,30.0,39.812345182965565
894,70.0,10.0,39.812345182965565
895,70.0,10.0,39.812345182965565
896,70.0,14.0,39.812345182965565
897,70.0,14.0,39.812345182965565
898,70.0,15.0,39.812345182965565
899,70.0,31.0,39.812345182965565
900,70.0,30.0,39.812345182965565
901,70.0,14.0,39.812345182965565
902,70.0,30.0,39.812345182965565
903,70.0,180.0,39.812345182965565
904,70.0,30.0,39.812345182965565
905,70.0,20.0,39.812345182965565
906,70.0,30.0,39.812345182965565
907,70.0,10.0,39.812345182965565
908,70.0,60.0,39.812345182965565
909,70.0,100.0,39.812345182965565
910,70.0,15.0,39.812345182965565
911,70.0,270.0,39.812345182965565
912,70.0,270.0,39.812345182965565
913,70.0,40.0,39.812345182965565
914,70.0,10.0,39.812345182965565
915,70.0,30.0,39.812345182965565
916,70.0,17.0,39.812345182965565
917,70.0,60.0,39.812345182965565
918,70.0,91.0,39.812345182965565
919,70.0,10.0,39.812345182965565
920,70.0,15.0,39.812345182965565
921,70.0,30.0,39.812345182965565
922,70.0,91.0,39.812345182965565
923,70.0,14.0,39.812345182965565
924,70.0,40.0,39.812345182965565
925,70.0,30.0,39.812345182965565
926,70.0,30.0,39.812345182965565
927,70.0,14.0,39.812345182965565
928,70.0,30.0,39.812345182965565
929,70.0,30.0,39.812345182965565
930,70.0,90.0,39.812345182965565
931,70.0,30.0,39.812345182965565
932,70.0,28.0,39.812345182965565
933,70.0,12.0,39.812345182965565
934,70.0,91.0,39.812345182965565
935,70.0,15.0,39.812345182965565
936,70.0,12.0,39.812345182965565
937,70.0,30.0,39.812345182965565
938,70.0,31.0,39.812345182965565
939,70.0,10.0,39.812345182965565
940,70.0,10.0,39.812345182965565
941,70.0,30.0,39.812345182965565
942,70.0,14.0,39.812345182965565
943,70.0,10.0,39.812345182965565
944,70.0,10.0,39.812345182965565
945,70.0,10.0,39.812345182965565
946,70.0,60.0,39.812345182965565
947,70.0,29.0,39.812345182965565
948,70.0,60.0,39.812345182965565
949,70.0,30.0,39.812345182965565
950,70.0,14.0,39.812345182965565
951,70.0,31.0,39.812345182965565
952,70.0,10.0,39.812345182965565
953,70.0,10.0,39.812345182965565
954,70.0,30.0,39.812345182965565
955,70.0,14.0,39.812345182965565
956,70.0,91.0,39.812345182965565
957,70.0,14.0,39.812345182965565
958,70.0,12.0,39.812345182965565
959,70.0,30.0,39.812345182965565
960,70.0,100.0,39.812345182965565
961,70.0,28.0,39.812345182965565
962,70.0,30.0,39.812345182965565
963,70.0,90.0,39.812345182965565
964,70.0,10.0,39.812345182965565
965,70.0,45.0,39.812345182965565
966,70.0,15.0,39.812345182965565
967,70.0,13.0,39.812345182965565
968,70.0,10.0,39.812345182965565
969,70.0,14.0,39.812345182965565
970,70.0,30.0,39.812345182965565
971,70.0,10.0,39.812345182965565
972,70.0,30.0,39.812345182965565
973,70.0,30.0,39.812345182965565
974,70.0,180.0,39.812345182965565
975,70.0,31.0,39.812345182965565
976,70.0,10.0,39.812345182965565
977,70.0,12.0,39.812345182965565
978,70.0,120.0,39.812345182965565
979,70.0,30.0,39.812345182965565
980,70.0,14.0,39.812345182965565
981,70.0,30.0,39.812345182965565
982,70.0,360.0,39.812345182965565
983,70.0,30.0,39.812345182965565
984,70.0,15.0,39.812345182965565
985,70.0,15.0,39.812345182965565
986,70.0,30.0,39.812345182965565
987,70.0,15.0,39.812345182965565
988,70.0,11.0,39.812345182965565
989,70.0,300.0,39.812345182965565
990,70.0,25.0,39.812345182965565
991,70.0,13.0,39.812345182965565
992,70.0,30.0,39.812345182965565
993,70.0,30.0,39.812345182965565
994,70.0,12.0,39.812345182965565
995,70.0,30.0,39.812345182965565
996,70.0,120.0,39.812345182965565
997,70.0,90.0,39.812345182965565
998,70.0,31.0,39.812345182965565
999,70.0,250.0,39.812345182965565
1000,70.0,10.0,39.812345182965565
1001,70.0,30.0,39.812345182965565
1002,70.0,30.0,39.812345182965565
1003,69.0,60.0,39.600769108152754
1004,69.0,14.0,39.600769108152754
1005,69.0,21.0,39.600769108152754
1006,69.0,30.0,39.600769108152754
1007,69.0,14.0,39.600769108152754
1008,69.0,10.0,39.600769108152754
1009,69.0,30.0,39.600769108152754
1010,69.0,30.0,39.600769108152754
1011,69.0,90.0,39.600769108152754
1012,69.0,60.0,39.600769108152754
1013,69.0,50.0,39.600769108152754
1014,69.0,25.0,39.600769108152754
1015,69.0,10.0,39.600769108152754
1016,69.0,30.0,39.600769108152754
1017,69.0,28.0,39.600769108152754
1018,69.0,340.0,39.600769108152754
1019,69.0,14.0,39.600769108152754
1020,69.0,28.0,39.600769108152754
1021,69.0,30.0,39.600769108152754
1022,69.0,15.0,39.600769108152754
1023,69.0,30.0,39.600769108152754
1024,69.0,30.0,39.600769108152754
1025,69.0,30.0,39.600769108152754
1026,69.0,100.0,39.600769108152754
1027,69.0,21.0,39.600769108152754
1028,68.0,12.0,39.389193033339936
1029,68.0,91.0,39.389193033339936
1030,68.0,30.0,39.389193033339936
1031,68.0,30.0,39.389193033339936
1032,68.0,13.0,39.389193033339936
1033,68.0,30.0,39.389193033339936
1034,68.0,15.0,39.389193033339936
1035,68.0,30.0,39.389193033339936
1036,68.0,35.0,39.389193033339936
1037,68.0,15.0,39.389193033339936
1038,68.0,91.0,39.389193033339936
1039,68.0,30.0,39.389193033339936
1040,68.0,30.0,39.389193033339936
1041,68.0,91.0,39.389193033339936
1042,67.0,60.0,39.177616958527125
1043,67.0,30.0,39.177616958527125
1044,67.0,30.0,39.177616958527125
1045,67.0,30.0,39.177616958527125
1046,67.0,28.0,39.177616958527125
1047,67.0,30.0,39.177616958527125
1048,67.0,30.0,39.177616958527125
1049,67.0,15.0,39.177616958527125
1050,67.0,31.0,39.177616958527125
1051,67.0,28.0,39.177616958527125
1052,67.0,31.0,39.177616958527125
1053,67.0,10.0,39.177616958527125
1054,67.0,28.0,39.177616958527125
1055,66.0,30.0,38.966040883714314
1056,66.0,30.0,38.966040883714314
1057,66.0,30.0,38.966040883714314
1058,66.0,10.0,38.966040883714314
1059,66.0,91.0,38.966040883714314
1060,66.0,180.0,38.966040883714314
1061,66.0,30.0,38.966040883714314
1062,66.0,10.0,38.966040883714314
1063,66.0,30.0,38.966040883714314
1064,65.0,10.0,38.7544648089015
1065,65.0,366.0,38.7544648089015
1066,65.0,15.0,38.7544648089015
1067,65.0,14.0,38.7544648089015
1068,65.0,10.0,38.7544648089015
1069,65.0,30.0,38.7544648089015
1070,65.0,14.0,38.7544648089015
1071,65.0,30.0,38.7544648089015
1072,65.0,30.0,38.7544648089015
1073,65.0,14.0,38.7544648089015
1074,65.0,10.0,38.7544648089015
1075,65.0,20.0,38.7544648089015
1076,65.0,23.0,38.7544648089015
1077,65.0,22.0,38.7544648089015
1078,65.0,20.0,38.7544648089015
1079,65.0,30.0,38.7544648089015
1080,65.0,20.0,38.7544648089015
1081,65.0,20.0,38.7544648089015
1082,65.0,14.0,38.7544648089015
1083,65.0,60.0,38.7544648089015
1084,65.0,91.0,38.7544648089015
1085,65.0,15.0,38.7544648089015
1086,65.0,12.0,38.7544648089015
1087,65.0,90.0,38.7544648089015
1088,65.0,10.0,38.7544648089015
1089,65.0,30.0,38.7544648089015
1090,65.0,30.0,38.7544648089015
1091,65.0,21.0,38.7544648089015
1092,65.0,14.0,38.7544648089015
1093,65.0,30.0,38.7544648089015
1094,65.0,30.0,38.7544648089015
1095,65.0,31.0,38.7544648089015
1096,65.0,60.0,38.7544648089015
1097,65.0,15.0,38.7544648089015
1098,65.0,300.0,38.7544648089015
1099,65.0,50.0,38.7544648089015
1100,65.0,10.0,38.7544648089015
1101,65.0,14.0,38.7544648089015
1102,65.0,100.0,38.7544648089015
1103,65.0,10.0,38.7544648089015
1104,65.0,28.0,38.7544648089015
1105,65.0,30.0,38.7544648089015
1106,65.0,12.0,38.7544648089015
1107,65.0,30.0,38.7544648089015
1108,65.0,120.0,38.7544648089015
1109,65.0,15.0,38.7544648089015
1110,65.0,20.0,38.7544648089015
1111,65.0,10.0,38.7544648089015
1112,65.0,20.0,38.7544648089015
1113,65.0,91.0,38.7544648089015
1114,65.0,29.0,38.7544648089015
1115,65.0,91.0,38.7544648089015
1116,65.0,21.0,38.7544648089015
1117,65.0,30.0,38.7544648089015
1118,65.0,18.0,38.7544648089015
1119,65.0,30.0,38.7544648089015
1120,65.0,30.0,38.7544648089015
1121,65.0,19.0,38.7544648089015
1122,65.0,14.0,38.7544648089015
1123,65.0,91.0,38.7544648089015
1124,65.0,30.0,38.7544648089015
1125,65.0,10.0,38.7544648089015
1126,65.0,28.0,38.7544648089015
1127,65.0,10.0,38.7544648089015
1128,65.0,91.0,38.7544648089015
1129,65.0,30.0,38.7544648089015
1130,65.0,14.0,38.7544648089015
1131,65.0,30.0,38.7544648089015
1132,65.0,300.0,38.7544648089015
1133,65.0,10.0,38.7544648089015
1134,65.0,30.0,38.7544648089015
1135,65.0,30.0,38.7544648089015
1136,65.0,15.0,38.7544648089015
1137,65.0,30.0,38.7544648089015
1138,65.0,29.0,38.7544648089015
1139,65.0,10.0,38.7544648089015
1140,65.0,14.0,38.7544648089015
1141,65.0,30.0,38.7544648089015
1142,65.0,40.0,38.7544648089015
1143,65.0,20.0,38.7544648089015
1144,65.0,30.0,38.7544648089015
1145,65.0,185.0,38.7544648089015
1146,65.0,21.0,38.7544648089015
1147,65.0,15.0,38.7544648089015
1148,65.0,14.0,38.7544648089015
1149,65.0,30.0,38.7544648089015
1150,65.0,10.0,38.7544648089015
1151,65.0,21.0,38.7544648089015
1152,65.0,30.0,38.7544648089015
1153,65.0,30.0,38.7544648089015
1154,65.0,30.0,38.7544648089015
1155,65.0,15.0,38.7544648089015
1156,65.0,10.0,38.7544648089015
1157,65.0,30.0,38.7544648089015
1158,65.0,29.0,38.7544648089015
1159,64.0,30.0,38.542888734088685
1160,64.0,30.0,38.542888734088685
1161,64.0,20.0,38.542888734088685
1162,64.0,14.0,38.542888734088685
1163,64.0,91.0,38.542888734088685
1164,64.0,30.0,38.542888734088685
1165,64.0,60.0,38.542888734088685
1166,64.0,10.0,38.542888734088685
1167,64.0,25.0,38.542888734088685
1168,64.0,30.0,38.542888734088685
1169,64.0,91.0,38.542888734088685
1170,64.0,300.0,38.542888734088685
1171,64.0,10.0,38.542888734088685
1172,64.0,30.0,38.542888734088685
1173,64.0,30.0,38.542888734088685
1174,64.0,30.0,38.542888734088685
1175,63.0,10.0,38.33131265927587
1176,63.0,30.0,38.33131265927587
1177,63.0,60.0,38.33131265927587
1178,63.0,30.0,38.33131265927587
1179,63.0,28.0,38.33131265927587
1180,63.0,12.0,38.33131265927587
1181,63.0,14.0,38.33131265927587
1182,63.0,180.0,38.33131265927587
1183,63.0,30.0,38.33131265927587
1184,62.0,15.0,38.11973658446306
1185,62.0,91.0,38.11973658446306
1186,62.0,91.0,38.11973658446306
1187,62.0,30.0,38.11973658446306
1188,62.0,30.0,38.11973658446306
1189,62.0,28.0,38.11973658446306
1190,62.0,30.0,38.11973658446306
1191,62.0,21.0,38.11973658446306
1192,62.0,11.0,38.11973658446306
1193,62.0,20.0,38.11973658446306
1194,62.0,31.0,38.11973658446306
1195,62.0,30.0,38.11973658446306
1196,62.0,12.0,38.11973658446306
1197,61.0,15.0,37.908160509650244
1198,61.0,120.0,37.908160509650244
1199,61.0,10.0,37.908160509650244
1200,61.0,13.0,37.908160509650244
1201,61.0,28.0,37.908160509650244
1202,61.0,30.0,37.908160509650244
1203,61.0,28.0,37.908160509650244
1204,60.0,14.0,37.69658443483743
1205,60.0,30.0,37.69658443483743
1206,60.0,91.0,37.69658443483743
1207,60.0,300.0,37.69658443483743
1208,60.0,20.0,37.69658443483743
1209,60.0,30.0,37.69658443483743
1210,60.0,30.0,37.69658443483743
1211,60.0,10.0,37.69658443483743
1212,60.0,10.0,37.69658443483743
1213,60.0,120.0,37.69658443483743
1214,60.0,30.0,37.69658443483743
1215,60.0,93.0,37.69658443483743
1216,60.0,30.0,37.69658443483743
1217,60.0,28.0,37.69658443483743
1218,60.0,15.0,37.69658443483743
1219,60.0,13.0,37.69658443483743
1220,60.0,15.0,37.69658443483743
1221,60.0,50.0,37.69658443483743
1222,60.0,20.0,37.69658443483743
1223,60.0,25.0,37.69658443483743
1224,60.0,30.0,37.69658443483743
1225,60.0,10.0,37.69658443483743
1226,60.0,10.0,37.69658443483743
1227,60.0,10.0,37.69658443483743
1228,60.0,30.0,37.69658443483743
1229,60.0,30.0,37.69658443483743
1230,60.0,30.0,37.69658443483743
1231,60.0,10.0,37.69658443483743
1232,60.0,10.0,37.69658443483743
1233,60.0,14.0,37.69658443483743
1234,60.0,14.0,37.69658443483743
1235,60.0,30.0,37.69658443483743
1236,60.0,14.0,37.69658443483743
1237,60.0,20.0,37.69658443483743
1238,60.0,30.0,37.69658443483743
1239,60.0,30.0,37.69658443483743
1240,60.0,90.0,37.69658443483743
1241,60.0,20.0,37.69658443483743
1242,60.0,60.0,37.69658443483743
1243,60.0,30.0,37.69658443483743
1244,60.0,30.0,37.69658443483743
1245,60.0,30.0,37.69658443483743
1246,60.0,10.0,37.69658443483743
1247,60.0,30.0,37.69658443483743
1248,60.0,10.0,37.69658443483743
1249,60.0,30.0,37.69658443483743
1250,60.0,10.0,37.69658443483743
1251,60.0,30.0,37.69658443483743
1252,60.0,30.0,37.69658443483743
1253,60.0,10.0,37.69658443483743
1254,60.0,15.0,37.69658443483743
1255,60.0,28.0,37.69658443483743
1256,60.0,123.0,37.69658443483743
1257,60.0,20.0,37.69658443483743
1258,60.0,80.0,37.69658443483743
1259,60.0,15.0,37.69658443483743
1260,60.0,28.0,37.69658443483743
1261,60.0,222.0,37.69658443483743
1262,60.0,30.0,37.69658443483743
1263,60.0,14.0,37.69658443483743
1264,60.0,91.0,37.69658443483743
1265,60.0,30.0,37.69658443483743
1266,60.0,30.0,37.69658443483743
1267,60.0,12.0,37.69658443483743
1268,60.0,12.0,37.69658443483743
1269,60.0,14.0,37.69658443483743
1270,60.0,23.0,37.69658443483743
1271,60.0,12.0,37.69658443483743
1272,60.0,270.0,37.69658443483743
1273,60.0,30.0,37.69658443483743
1274,60.0,30.0,37.69658443483743
1275,60.0,30.0,37.69658443483743
1276,60.0,20.0,37.69658443483743
1277,60.0,10.0,37.69658443483743
1278,60.0,15.0,37.69658443483743
1279,60.0,15.0,37.69658443483743
1280,60.0,30.0,37.69658443483743
1281,60.0,14.0,37.69658443483743
1282,60.0,15.0,37.69658443483743
1283,60.0,20.0,37.69658443483743
1284,60.0,30.0,37.69658443483743
1285,60.0,10.0,37.69658443483743
1286,60.0,20.0,37.69658443483743
1287,60.0,30.0,37.69658443483743
1288,60.0,14.0,37.69658443483743
1289,60.0,30.0,37.69658443483743
1290,60.0,10.0,37.69658443483743
1291,60.0,30.0,37.69658443483743
1292,60.0,10.0,37.69658443483743
1293,60.0,30.0,37.69658443483743
1294,60.0,10.0,37.69658443483743
1295,60.0,90.0,37.69658443483743
1296,60.0,60.0,37.69658443483743
1297,60.0,15.0,37.69658443483743
1298,60.0,20.0,37.69658443483743
1299,60.0,100.0,37.69658443483743
1300,60.0,10.0,37.69658443483743
1301,60.0,10.0,37.69658443483743
1302,60.0,22.0,37.69658443483743
1303,60.0,200.0,37.69658443483743
1304,60.0,30.0,37.69658443483743
1305,60.0,30.0,37.69658443483743
1306,60.0,13.0,37.69658443483743
1307,60.0,10.0,37.69658443483743
1308,60.0,30.0,37.69658443483743
1309,60.0,10.0,37.69658443483743
1310,60.0,30.0,37.69658443483743
1311,60.0,30.0,37.69658443483743
1312,60.0,15.0,37.69658443483743
1313,60.0,91.0,37.69658443483743
1314,60.0,25.0,37.69658443483743
1315,60.0,14.0,37.69658443483743
1316,60.0,25.0,37.69658443483743
1317,60.0,120.0,37.69658443483743
1318,60.0,60.0,37.69658443483743
1319,60.0,90.0,37.69658443483743
1320,60.0,15.0,37.69658443483743
1321,60.0,29.0,37.69658443483743
1322,60.0,14.0,37.69658443483743
1323,60.0,15.0,37.69658443483743
1324,60.0,30.0,37.69658443483743
1325,60.0,30.0,37.69658443483743
1326,60.0,15.0,37.69658443483743
1327,60.0,10.0,37.69658443483743
1328,60.0,180.0,37.69658443483743
1329,60.0,30.0,37.69658443483743
1330,60.0,91.0,37.69658443483743
1331,60.0,14.0,37.69658443483743
1332,60.0,10.0,37.69658443483743
1333,60.0,30.0,37.69658443483743
1334,60.0,30.0,37.69658443483743
1335,60.0,30.0,37.69658443483743
1336,60.0,10.0,37.69658443483743
1337,60.0,30.0,37.69658443483743
1338,60.0,18.0,37.69658443483743
1339,60.0,30.0,37.69658443483743
1340,60.0,14.0,37.69658443483743
1341,60.0,30.0,37.69658443483743
1342,60.0,14.0,37.69658443483743
1343,60.0,25.0,37.69658443483743
1344,60.0,15.0,37.69658443483743
1345,60.0,14.0,37.69658443483743
1346,60.0,14.0,37.69658443483743
1347,60.0,150.0,37.69658443483743
1348,60.0,30.0,37.69658443483743
1349,60.0,20.0,37.69658443483743
1350,60.0,21.0,37.69658443483743
1351,60.0,12.0,37.69658443483743
1352,60.0,100.0,37.69658443483743
1353,60.0,10.0,37.69658443483743
1354,60.0,10.0,37.69658443483743
1355,60.0,28.0,37.69658443483743
1356,60.0,15.0,37.69658443483743
1357,60.0,20.0,37.69658443483743
1358,60.0,13.0,37.69658443483743
1359,60.0,14.0,37.69658443483743
1360,60.0,15.0,37.69658443483743
1361,59.0,30.0,37.48500836002462
1362,59.0,14.0,37.48500836002462
1363,59.0,30.0,37.48500836002462
1364,59.0,25.0,37.48500836002462
1365,59.0,45.0,37.48500836002462
1366,59.0,30.0,37.48500836002462
1367,59.0,91.0,37.48500836002462
1368,59.0,29.0,37.48500836002462
1369,59.0,30.0,37.48500836002462
1370,59.0,30.0,37.48500836002462
1371,59.0,30.0,37.48500836002462
1372,59.0,30.0,37.48500836002462
1373,59.0,30.0,37.48500836002462
1374,59.0,20.0,37.48500836002462
1375,59.0,25.0,37.48500836002462
1376,59.0,10.0,37.48500836002462
1377,59.0,20.0,37.48500836002462
1378,59.0,30.0,37.48500836002462
1379,59.0,29.0,37.48500836002462
1380,59.0,180.0,37.48500836002462
1381,59.0,91.0,37.48500836002462
1382,59.0,30.0,37.48500836002462
1383,59.0,19.0,37.48500836002462
1384,59.0,30.0,37.48500836002462
1385,59.0,15.0,37.48500836002462
1386,59.0,90.0,37.48500836002462
1387,59.0,10.0,37.48500836002462
1388,59.0,30.0,37.48500836002462
1389,59.0,100.0,37.48500836002462
1390,59.0,10.0,37.48500836002462
1391,59.0,30.0,37.48500836002462
1392,59.0,55.0,37.48500836002462
1393,58.0,15.0,37.27343228521181
1394,58.0,23.0,37.27343228521181
1395,58.0,14.0,37.27343228521181
1396,58.0,30.0,37.27343228521181
1397,58.0,10.0,37.27343228521181
1398,58.0,30.0,37.27343228521181
1399,58.0,13.0,37.27343228521181
1400,58.0,55.0,37.27343228521181
1401,58.0,28.0,37.27343228521181
1402,58.0,10.0,37.27343228521181
1403,58.0,31.0,37.27343228521181
1404,58.0,15.0,37.27343228521181
1405,58.0,10.0,37.27343228521181
1406,58.0,30.0,37.27343228521181
1407,58.0,30.0,37.27343228521181
1408,58.0,40.0,37.27343228521181
1409,58.0,90.0,37.27343228521181
1410,58.0,20.0,37.27343228521181
1411,58.0,10.0,37.27343228521181
1412,58.0,30.0,37.27343228521181
1413,57.0,25.0,37.06185621039899
1414,57.0,91.0,37.06185621039899
1415,57.0,30.0,37.06185621039899
1416,57.0,30.0,37.06185621039899
1417,57.0,15.0,37.06185621039899
1418,57.0,30.0,37.06185621039899
1419,57.0,30.0,37.06185621039899
1420,57.0,15.0,37.06185621039899
1421,57.0,20.0,37.06185621039899
1422,57.0,14.0,37.06185621039899
1423,57.0,91.0,37.06185621039899
1424,56.0,15.0,36.85028013558618
1425,56.0,17.0,36.85028013558618
1426,56.0,91.0,36.85028013558618
1427,56.0,20.0,36.85028013558618
1428,56.0,10.0,36.85028013558618
1429,56.0,30.0,36.85028013558618
1430,56.0,30.0,36.85028013558618
1431,56.0,29.0,36.85028013558618
1432,56.0,20.0,36.85028013558618
1433,56.0,28.0,36.85028013558618
1434,56.0,30.0,36.85028013558618
1435,56.0,30.0,36.85028013558618
1436,56.0,400.0,36.85028013558618
1437,56.0,30.0,36.85028013558618
1438,56.0,30.0,36.85028013558618
1439,55.0,30.0,36.638704060773364
1440,55.0,28.0,36.638704060773364
1441,55.0,25.0,36.638704060773364
1442,55.0,30.0,36.638704060773364
1443,55.0,10.0,36.638704060773364
1444,55.0,30.0,36.638704060773364
1445,55.0,28.0,36.638704060773364
1446,55.0,25.0,36.638704060773364
1447,55.0,10.0,36.638704060773364
1448,55.0,24.0,36.638704060773364
1449,55.0,14.0,36.638704060773364
1450,55.0,15.0,36.638704060773364
1451,55.0,24.0,36.638704060773364
1452,55.0,25.0,36.638704060773364
1453,55.0,360.0,36.638704060773364
1454,55.0,30.0,36.638704060773364
1455,55.0,10.0,36.638704060773364
1456,55.0,30.0,36.638704060773364
1457,55.0,30.0,36.638704060773364
1458,55.0,30.0,36.638704060773364
1459,55.0,10.0,36.638704060773364
1460,55.0,30.0,36.638704060773364
1461,55.0,31.0,36.638704060773364
1462,55.0,60.0,36.638704060773364
1463,55.0,60.0,36.638704060773364
1464,55.0,10.0,36.638704060773364
1465,55.0,30.0,36.638704060773364
1466,55.0,18.0,36.638704060773364
1467,55.0,10.0,36.638704060773364
1468,55.0,30.0,36.638704060773364
1469,55.0,10.0,36.638704060773364
1470,55.0,10.0,36.638704060773364
1471,55.0,14.0,36.638704060773364
1472,55.0,20.0,36.638704060773364
1473,55.0,30.0,36.638704060773364
1474,55.0,14.0,36.638704060773364
1475,55.0,20.0,36.638704060773364
1476,55.0,14.0,36.638704060773364
1477,55.0,120.0,36.638704060773364
1478,55.0,30.0,36.638704060773364
1479,55.0,30.0,36.638704060773364
1480,55.0,18.0,36.638704060773364
1481,55.0,30.0,36.638704060773364
1482,55.0,15.0,36.638704060773364
1483,55.0,12.0,36.638704060773364
1484,55.0,90.0,36.638704060773364
1485,55.0,30.0,36.638704060773364
1486,55.0,30.0,36.638704060773364
1487,55.0,30.0,36.638704060773364
1488,55.0,30.0,36.638704060773364
1489,55.0,30.0,36.638704060773364
1490,55.0,30.0,36.638704060773364
1491,55.0,10.0,36.638704060773364
1492,55.0,93.0,36.638704060773364
1493,55.0,15.0,36.638704060773364
1494,55.0,10.0,36.638704060773364
1495,55.0,92.0,36.638704060773364
1496,55.0,30.0,36.638704060773364
1497,55.0,30.0,36.638704060773364
1498,55.0,99.0,36.638704060773364
1499,55.0,90.0,36.638704060773364
1500,55.0,10.0,36.638704060773364
1501,55.0,14.0,36.638704060773364
1502,55.0,360.0,36.638704060773364
1503,55.0,80.0,36.638704060773364
1504,55.0,30.0,36.638704060773364
1505,55.0,92.0,36.638704060773364
1506,55.0,30.0,36.638704060773364
1507,55.0,30.0,36.638704060773364
1508,55.0,13.0,36.638704060773364
1509,55.0,20.0,36.638704060773364
1510,55.0,30.0,36.638704060773364
1511,55.0,28.0,36.638704060773364
1512,55.0,14.0,36.638704060773364
1513,55.0,14.0,36.638704060773364
1514,55.0,30.0,36.638704060773364
1515,55.0,15.0,36.638704060773364
1516,55.0,30.0,36.638704060773364
1517,55.0,100.0,36.638704060773364
1518,55.0,10.0,36.638704060773364
1519,55.0,20.0,36.638704060773364
1520,55.0,28.0,36.638704060773364
1521,55.0,90.0,36.638704060773364
1522,55.0,30.0,36.638704060773364
1523,55.0,90.0,36.638704060773364
1524,55.0,60.0,36.638704060773364
1525,55.0,30.0,36.638704060773364
1526,55.0,58.0,36.638704060773364
1527,55.0,30.0,36.638704060773364
1528,54.0,90.0,36.42712798596055
1529,54.0,60.0,36.42712798596055
1530,54.0,180.0,36.42712798596055
1531,54.0,30.0,36.42712798596055
1532,54.0,30.0,36.42712798596055
1533,54.0,25.0,36.42712798596055
1534,54.0,30.0,36.42712798596055
1535,54.0,91.0,36.42712798596055
1536,54.0,25.0,36.42712798596055
1537,54.0,21.0,36.42712798596055
1538,54.0,14.0,36.42712798596055
1539,54.0,25.0,36.42712798596055
1540,54.0,100.0,36.42712798596055
1541,53.0,13.0,36.21555191114774
1542,53.0,20.0,36.21555191114774
1543,53.0,20.0,36.21555191114774
1544,53.0,30.0,36.21555191114774
1545,53.0,10.0,36.21555191114774
1546,53.0,30.0,36.21555191114774
1547,53.0,90.0,36.21555191114774
1548,53.0,90.0,36.21555191114774
1549,53.0,12.0,36.21555191114774
1550,53.0,91.0,36.21555191114774
1551,53.0,30.0,36.21555191114774
1552,52.0,28.0,36.00397583633493
1553,52.0,30.0,36.00397583633493
1554,52.0,90.0,36.00397583633493
1555,52.0,15.0,36.00397583633493
1556,52.0,28.0,36.00397583633493
1557,52.0,14.0,36.00397583633493
1558,52.0,12.0,36.00397583633493
1559,52.0,30.0,36.00397583633493
1560,52.0,15.0,36.00397583633493
1561,52.0,365.0,36.00397583633493
1562,52.0,30.0,36.00397583633493
1563,52.0,25.0,36.00397583633493
1564,52.0,10.0,36.00397583633493
1565,52.0,12.0,36.00397583633493
1566,52.0,30.0,36.00397583633493
1567,52.0,31.0,36.00397583633493
1568,51.0,14.0,35.79239976152212
1569,51.0,14.0,35.79239976152212
1570,51.0,30.0,35.79239976152212
1571,51.0,29.0,35.79239976152212
1572,51.0,28.0,35.79239976152212
1573,51.0,30.0,35.79239976152212
1574,51.0,30.0,35.79239976152212
1575,51.0,91.0,35.79239976152212
1576,51.0,15.0,35.79239976152212
1577,51.0,10.0,35.79239976152212
1578,51.0,30.0,35.79239976152212
1579,50.0,10.0,35.5808236867093
1580,50.0,20.0,35.5808236867093
1581,50.0,30.0,35.5808236867093
1582,50.0,60.0,35.5808236867093
1583,50.0,14.0,35.5808236867093
1584,50.0,14.0,35.5808236867093
1585,50.0,20.0,35.5808236867093
1586,50.0,30.0,35.5808236867093
1587,50.0,30.0,35.5808236867093
1588,50.0,30.0,35.5808236867093
1589,50.0,30.0,35.5808236867093
1590,50.0,20.0,35.5808236867093
1591,50.0,10.0,35.5808236867093
1592,50.0,10.0,35.5808236867093
1593,50.0,20.0,35.5808236867093
1594,50.0,21.0,35.5808236867093
1595,50.0,20.0,35.5808236867093
1596,50.0,14.0,35.5808236867093
1597,50.0,10.0,35.5808236867093
1598,50.0,15.0,35.5808236867093
1599,50.0,30.0,35.5808236867093
1600,50.0,15.0,35.5808236867093
1601,50.0,70.0,35.5808236867093
1602,50.0,10.0,35.5808236867093
1603,50.0,60.0,35.5808236867093
1604,50.0,28.0,35.5808236867093
1605,50.0,10.0,35.5808236867093
1606,50.0,25.0,35.5808236867093
1607,50.0,10.0,35.5808236867093
1608,50.0,180.0,35.5808236867093
1609,50.0,120.0,35.5808236867093
1610,50.0,17.0,35.5808236867093
1611,50.0,31.0,35.5808236867093
1612,50.0,30.0,35.5808236867093
1613,50.0,20.0,35.5808236867093
1614,50.0,30.0,35.5808236867093
1615,50.0,10.0,35.5808236867093
1616,50.0,100.0,35.5808236867093
1617,50.0,30.0,35.5808236867093
1618,50.0,30.0,35.5808236867093
1619,50.0,13.0,35.5808236867093
1620,50.0,15.0,35.5808236867093
1621,50.0,30.0,35.5808236867093
1622,50.0,180.0,35.5808236867093
1623,50.0,10.0,35.5808236867093
1624,50.0,16.0,35.5808236867093
1625,50.0,30.0,35.5808236867093
1626,50.0,15.0,35.5808236867093
1627,50.0,30.0,35.5808236867093
1628,50.0,30.0,35.5808236867093
1629,50.0,60.0,35.5808236867093
1630,50.0,20.0,35.5808236867093
1631,50.0,30.0,35.5808236867093
1632,50.0,12.0,35.5808236867093
1633,50.0,21.0,35.5808236867093
1634,50.0,150.0,35.5808236867093
1635,50.0,20.0,35.5808236867093
1636,50.0,15.0,35.5808236867093
1637,50.0,12.0,35.5808236867093
1638,50.0,120.0,35.5808236867093
1639,50.0,15.0,35.5808236867093
1640,50.0,15.0,35.5808236867093
1641,50.0,15.0,35.5808236867093
1642,50.0,91.0,35.5808236867093
1643,50.0,13.0,35.5808236867093
1644,50.0,19.0,35.5808236867093
1645,50.0,13.0,35.5808236867093
1646,50.0,12.0,35.5808236867093
1647,50.0,60.0,35.5808236867093
1648,50.0,20.0,35.5808236867093
1649,50.0,10.0,35.5808236867093
1650,50.0,20.0,35.5808236867093
1651,50.0,10.0,35.5808236867093
1652,50.0,30.0,35.5808236867093
1653,50.0,10.0,35.5808236867093
1654,50.0,10.0,35.5808236867093
1655,50.0,10.0,35.5808236867093
1656,50.0,90.0,35.5808236867093
1657,50.0,15.0,35.5808236867093
1658,50.0,30.0,35.5808236867093
1659,50.0,21.0,35.5808236867093
1660,50.0,30.0,35.5808236867093
1661,50.0,10.0,35.5808236867093
1662,50.0,25.0,35.5808236867093
1663,50.0,10.0,35.5808236867093
1664,50.0,19.0,35.5808236867093
1665,50.0,30.0,35.5808236867093
1666,50.0,10.0,35.5808236867093
1667,50.0,30.0,35.5808236867093
1668,50.0,10.0,35.5808236867093
1669,50.0,30.0,35.5808236867093
1670,50.0,10.0,35.5808236867093
1671,50.0,15.0,35.5808236867093
1672,50.0,10.0,35.5808236867093
1673,50.0,12.0,35.5808236867093
1674,50.0,14.0,35.5808236867093
1675,50.0,15.0,35.5808236867093
1676,50.0,30.0,35.5808236867093
1677,50.0,30.0,35.5808236867093
1678,50.0,30.0,35.5808236867093
1679,50.0,14.0,35.5808236867093
1680,50.0,15.0,35.5808236867093
1681,50.0,10.0,35.5808236867093
1682,50.0,30.0,35.5808236867093
1683,50.0,14.0,35.5808236867093
1684,50.0,14.0,35.5808236867093
1685,50.0,14.0,35.5808236867093
1686,50.0,180.0,35.5808236867093
1687,50.0,20.0,35.5808236867093
1688,50.0,10.0,35.5808236867093
1689,50.0,10.0,35.5808236867093
1690,50.0,14.0,35.5808236867093
1691,50.0,10.0,35.5808236867093
1692,50.0,30.0,35.5808236867093
1693,50.0,10.0,35.5808236867093
1694,50.0,10.0,35.5808236867093
1695,50.0,28.0,35.5808236867093
1696,50.0,10.0,35.5808236867093
1697,50.0,15.0,35.5808236867093
1698,50.0,14.0,35.5808236867093
1699,50.0,10.0,35.5808236867093
1700,50.0,20.0,35.5808236867093
1701,50.0,30.0,35.5808236867093
1702,50.0,300.0,35.5808236867093
1703,50.0,10.0,35.5808236867093
1704,50.0,25.0,35.5808236867093
1705,50.0,30.0,35.5808236867093
1706,50.0,10.0,35.5808236867093
1707,50.0,365.0,35.5808236867093
1708,50.0,30.0,35.5808236867093
1709,50.0,14.0,35.5808236867093
1710,50.0,10.0,35.5808236867093
1711,50.0,30.0,35.5808236867093
1712,50.0,30.0,35.5808236867093
1713,50.0,10.0,35.5808236867093
1714,50.0,10.0,35.5808236867093
1715,50.0,20.0,35.5808236867093
1716,50.0,30.0,35.5808236867093
1717,50.0,14.0,35.5808236867093
1718,50.0,10.0,35.5808236867093
1719,50.0,30.0,35.5808236867093
1720,50.0,15.0,35.5808236867093
1721,50.0,120.0,35.5808236867093
1722,50.0,12.0,35.5808236867093
1723,50.0,10.0,35.5808236867093
1724,50.0,15.0,35.5808236867093
1725,50.0,21.0,35.5808236867093
1726,50.0,10.0,35.5808236867093
1727,50.0,30.0,35.5808236867093
1728,50.0,10.0,35.5808236867093
1729,50.0,10.0,35.5808236867093
1730,50.0,10.0,35.5808236867093
1731,50.0,30.0,35.5808236867093
1732,50.0,10.0,35.5808236867093
1733,50.0,10.0,35.5808236867093
1734,50.0,30.0,35.5808236867093
1735,50.0,30.0,35.5808236867093
1736,50.0,60.0,35.5808236867093
1737,50.0,15.0,35.5808236867093
1738,50.0,29.0,35.5808236867093
1739,50.0,10.0,35.5808236867093
1740,50.0,25.0,35.5808236867093
1741,50.0,180.0,35.5808236867093
1742,50.0,31.0,35.5808236867093
1743,49.0,14.0,35.36924761189649
1744,49.0,20.0,35.36924761189649
1745,49.0,12.0,35.36924761189649
1746,49.0,30.0,35.36924761189649
1747,49.0,15.0,35.36924761189649
1748,49.0,180.0,35.36924761189649
1749,49.0,14.0,35.36924761189649
1750,49.0,30.0,35.36924761189649
1751,49.0,19.0,35.36924761189649
1752,49.0,30.0,35.36924761189649
1753,49.0,80.0,35.36924761189649
1754,49.0,30.0,35.36924761189649
1755,49.0,20.0,35.36924761189649
1756,49.0,15.0,35.36924761189649
1757,49.0,10.0,35.36924761189649
1758,49.0,10.0,35.36924761189649
1759,49.0,20.0,35.36924761189649
1760,49.0,10.0,35.36924761189649
1761,49.0,30.0,35.36924761189649
1762,49.0,91.0,35.36924761189649
1763,49.0,14.0,35.36924761189649
1764,49.0,30.0,35.36924761189649
1765,49.0,28.0,35.36924761189649
1766,49.0,28.0,35.36924761189649
1767,49.0,333.0,35.36924761189649
1768,49.0,10.0,35.36924761189649
1769,49.0,30.0,35.36924761189649
1770,49.0,90.0,35.36924761189649
1771,49.0,91.0,35.36924761189649
1772,49.0,13.0,35.36924761189649
1773,49.0,14.0,35.36924761189649
1774,49.0,30.0,35.36924761189649
1775,49.0,30.0,35.36924761189649
1776,49.0,30.0,35.36924761189649
1777,49.0,10.0,35.36924761189649
1778,49.0,27.0,35.36924761189649
1779,49.0,30.0,35.36924761189649
1780,48.0,250.0,35.15767153708367
1781,48.0,10.0,35.15767153708367
1782,48.0,30.0,35.15767153708367
1783,48.0,14.0,35.15767153708367
1784,48.0,30.0,35.15767153708367
1785,48.0,10.0,35.15767153708367
1786,48.0,30.0,35.15767153708367
1787,48.0,17.0,35.15767153708367
1788,48.0,30.0,35.15767153708367
1789,48.0,30.0,35.15767153708367
1790,48.0,20.0,35.15767153708367
1791,48.0,10.0,35.15767153708367
1792,48.0,20.0,35.15767153708367
1793,48.0,10.0,35.15767153708367
1794,48.0,30.0,35.15767153708367
1795,48.0,180.0,35.15767153708367
1796,48.0,10.0,35.15767153708367
1797,48.0,30.0,35.15767153708367
1798,48.0,30.0,35.15767153708367
1799,48.0,30.0,35.15767153708367
1800,47.0,91.0,34.94609546227086
1801,47.0,30.0,34.94609546227086
1802,47.0,30.0,34.94609546227086
1803,47.0,30.0,34.94609546227086
1804,47.0,30.0,34.94609546227086
1805,47.0,12.0,34.94609546227086
1806,47.0,120.0,34.94609546227086
1807,47.0,10.0,34.94609546227086
1808,47.0,30.0,34.94609546227086
1809,47.0,15.0,34.94609546227086
1810,47.0,21.0,34.94609546227086
1811,46.0,30.0,34.73451938745805
1812,46.0,16.0,34.73451938745805
1813,46.0,11.0,34.73451938745805
1814,46.0,180.0,34.73451938745805
1815,46.0,21.0,34.73451938745805
1816,46.0,30.0,34.73451938745805
1817,46.0,20.0,34.73451938745805
1818,46.0,91.0,34.73451938745805
1819,46.0,120.0,34.73451938745805
1820,46.0,10.0,34.73451938745805
1821,46.0,30.0,34.73451938745805
1822,46.0,22.0,34.73451938745805
1823,46.0,30.0,34.73451938745805
1824,46.0,91.0,34.73451938745805
1825,45.0,10.0,34.52294331264524
1826,45.0,28.0,34.52294331264524
1827,45.0,30.0,34.52294331264524
1828,45.0,14.0,34.52294331264524
1829,45.0,15.0,34.52294331264524
1830,45.0,10.0,34.52294331264524
1831,45.0,14.0,34.52294331264524
1832,45.0,30.0,34.52294331264524
1833,45.0,15.0,34.52294331264524
1834,45.0,15.0,34.52294331264524
1835,45.0,10.0,34.52294331264524
1836,45.0,12.0,34.52294331264524
1837,45.0,30.0,34.52294331264524
1838,45.0,110.0,34.52294331264524
1839,45.0,50.0,34.52294331264524
1840,45.0,30.0,34.52294331264524
1841,45.0,15.0,34.52294331264524
1842,45.0,10.0,34.52294331264524
1843,45.0,14.0,34.52294331264524
1844,45.0,27.0,34.52294331264524
1845,45.0,12.0,34.52294331264524
1846,45.0,45.0,34.52294331264524
1847,45.0,30.0,34.52294331264524
1848,45.0,30.0,34.52294331264524
1849,45.0,30.0,34.52294331264524
1850,45.0,14.0,34.52294331264524
1851,45.0,14.0,34.52294331264524
1852,45.0,30.0,34.52294331264524
1853,45.0,30.0,34.52294331264524
1854,45.0,150.0,34.52294331264524
1855,45.0,20.0,34.52294331264524
1856,45.0,12.0,34.52294331264524
1857,45.0,14.0,34.52294331264524
1858,45.0,10.0,34.52294331264524
1859,45.0,200.0,34.52294331264524
1860,45.0,10.0,34.52294331264524
1861,45.0,15.0,34.52294331264524
1862,45.0,21.0,34.52294331264524
1863,45.0,30.0,34.52294331264524
1864,45.0,28.0,34.52294331264524
1865,45.0,15.0,34.52294331264524
1866,45.0,90.0,34.52294331264524
1867,45.0,31.0,34.52294331264524
1868,45.0,120.0,34.52294331264524
1869,45.0,21.0,34.52294331264524
1870,45.0,120.0,34.52294331264524
1871,45.0,10.0,34.52294331264524
1872,45.0,10.0,34.52294331264524
1873,45.0,29.0,34.52294331264524
1874,45.0,30.0,34.52294331264524
1875,45.0,30.0,34.52294331264524
1876,45.0,14.0,34.52294331264524
1877,45.0,14.0,34.52294331264524
1878,45.0,15.0,34.52294331264524
1879,45.0,30.0,34.52294331264524
1880,45.0,30.0,34.52294331264524
1881,45.0,30.0,34.52294331264524
1882,45.0,10.0,34.52294331264524
1883,45.0,14.0,34.52294331264524
1884,45.0,30.0,34.52294331264524
1885,45.0,14.0,34.52294331264524
1886,45.0,10.0,34.52294331264524
1887,45.0,12.0,34.52294331264524
1888,45.0,30.0,34.52294331264524
1889,45.0,25.0,34.52294331264524
1890,45.0,15.0,34.52294331264524
1891,45.0,30.0,34.52294331264524
1892,45.0,28.0,34.52294331264524
1893,45.0,10.0,34.52294331264524
1894,45.0,30.0,34.52294331264524
1895,45.0,25.0,34.52294331264524
1896,45.0,10.0,34.52294331264524
1897,45.0,30.0,34.52294331264524
1898,45.0,15.0,34.52294331264524
1899,45.0,28.0,34.52294331264524
1900,45.0,190.0,34.52294331264524
1901,45.0,30.0,34.52294331264524
1902,45.0,90.0,34.52294331264524
1903,45.0,30.0,34.52294331264524
1904,45.0,30.0,34.52294331264524
1905,45.0,15.0,34.52294331264524
1906,45.0,15.0,34.52294331264524
1907,45.0,30.0,34.52294331264524
1908,45.0,20.0,34.52294331264524
1909,45.0,20.0,34.52294331264524
1910,45.0,90.0,34.52294331264524
1911,45.0,14.0,34.52294331264524
1912,45.0,270.0,34.52294331264524
1913,45.0,14.0,34.52294331264524
1914,45.0,12.0,34.52294331264524
1915,44.0,14.0,34.31136723783243
1916,44.0,30.0,34.31136723783243
1917,44.0,50.0,34.31136723783243
1918,44.0,20.0,34.31136723783243
1919,44.0,10.0,34.31136723783243
1920,44.0,91.0,34.31136723783243
1921,44.0,30.0,34.31136723783243
1922,44.0,28.0,34.31136723783243
1923,44.0,30.0,34.31136723783243
1924,44.0,14.0,34.31136723783243
1925,44.0,10.0,34.31136723783243
1926,44.0,14.0,34.31136723783243
1927,44.0,15.0,34.31136723783243
1928,43.0,30.0,34.09979116301961
1929,43.0,91.0,34.09979116301961
1930,43.0,30.0,34.09979116301961
1931,43.0,30.0,34.09979116301961
1932,43.0,10.0,34.09979116301961
1933,43.0,14.0,34.09979116301961
1934,43.0,45.0,34.09979116301961
1935,43.0,23.0,34.09979116301961
1936,43.0,10.0,34.09979116301961
1937,43.0,14.0,34.09979116301961
1938,43.0,20.0,34.09979116301961
1939,43.0,30.0,34.09979116301961
1940,43.0,14.0,34.09979116301961
1941,43.0,30.0,34.09979116301961
1942,43.0,10.0,34.09979116301961
1943,43.0,10.0,34.09979116301961
1944,43.0,91.0,34.09979116301961
1945,43.0,91.0,34.09979116301961
1946,42.0,10.0,33.8882150882068
1947,42.0,15.0,33.8882150882068
1948,42.0,14.0,33.8882150882068
1949,42.0,40.0,33.8882150882068
1950,42.0,10.0,33.8882150882068
1951,42.0,30.0,33.8882150882068
1952,42.0,25.0,33.8882150882068
1953,42.0,30.0,33.8882150882068
1954,42.0,30.0,33.8882150882068
1955,42.0,14.0,33.8882150882068
1956,42.0,50.0,33.8882150882068
1957,42.0,30.0,33.8882150882068
1958,42.0,10.0,33.8882150882068
1959,42.0,30.0,33.8882150882068
1960,42.0,90.0,33.8882150882068
1961,42.0,30.0,33.8882150882068
1962,42.0,30.0,33.8882150882068
1963,42.0,30.0,33.8882150882068
1964,41.0,30.0,33.67663901339398
1965,41.0,30.0,33.67663901339398
1966,41.0,200.0,33.67663901339398
1967,41.0,15.0,33.67663901339398
1968,41.0,21.0,33.67663901339398
1969,41.0,30.0,33.67663901339398
1970,41.0,30.0,33.67663901339398
1971,41.0,14.0,33.67663901339398
1972,41.0,91.0,33.67663901339398
1973,41.0,20.0,33.67663901339398
1974,40.0,30.0,33.46506293858117
1975,40.0,20.0,33.46506293858117
1976,40.0,30.0,33.46506293858117
1977,40.0,14.0,33.46506293858117
1978,40.0,30.0,33.46506293858117
1979,40.0,15.0,33.46506293858117
1980,40.0,22.0,33.46506293858117
1981,40.0,12.0,33.46506293858117
1982,40.0,28.0,33.46506293858117
1983,40.0,30.0,33.46506293858117
1984,40.0,15.0,33.46506293858117
1985,40.0,30.0,33.46506293858117
1986,40.0,15.0,33.46506293858117
1987,40.0,15.0,33.46506293858117
1988,40.0,30.0,33.46506293858117
1989,40.0,90.0,33.46506293858117
1990,40.0,30.0,33.46506293858117
1991,40.0,120.0,33.46506293858117
1992,40.0,14.0,33.46506293858117
1993,40.0,30.0,33.46506293858117
1994,40.0,14.0,33.46506293858117
1995,40.0,15.0,33.46506293858117
1996,40.0,30.0,33.46506293858117
1997,40.0,30.0,33.46506293858117
1998,40.0,30.0,33.46506293858117
1999,40.0,10.0,33.46506293858117
2000,40.0,10.0,33.46506293858117
2001,40.0,10.0,33.46506293858117
2002,40.0,10.0,33.46506293858117
2003,40.0,30.0,33.46506293858117
2004,40.0,20.0,33.46506293858117
2005,40.0,15.0,33.46506293858117
2006,40.0,20.0,33.46506293858117
2007,40.0,24.0,33.46506293858117
2008,40.0,20.0,33.46506293858117
2009,40.0,21.0,33.46506293858117
2010,40.0,30.0,33.46506293858117
2011,40.0,30.0,33.46506293858117
2012,40.0,14.0,33.46506293858117
2013,40.0,14.0,33.46506293858117
2014,40.0,30.0,33.46506293858117
2015,40.0,30.0,33.46506293858117
2016,40.0,10.0,33.46506293858117
2017,40.0,30.0,33.46506293858117
2018,40.0,11.0,33.46506293858117
2019,40.0,120.0,33.46506293858117
2020,40.0,20.0,33.46506293858117
2021,40.0,15.0,33.46506293858117
2022,40.0,14.0,33.46506293858117
2023,40.0,30.0,33.46506293858117
2024,40.0,20.0,33.46506293858117
2025,40.0,15.0,33.46506293858117
2026,40.0,20.0,33.46506293858117
2027,40.0,20.0,33.46506293858117
2028,40.0,30.0,33.46506293858117
2029,40.0,15.0,33.46506293858117
2030,40.0,10.0,33.46506293858117
2031,40.0,10.0,33.46506293858117
2032,40.0,28.0,33.46506293858117
2033,40.0,90.0,33.46506293858117
2034,40.0,60.0,33.46506293858117
2035,40.0,10.0,33.46506293858117
2036,40.0,15.0,33.46506293858117
2037,40.0,20.0,33.46506293858117
2038,40.0,30.0,33.46506293858117
2039,40.0,15.0,33.46506293858117
2040,40.0,10.0,33.46506293858117
2041,40.0,10.0,33.46506293858117
2042,40.0,20.0,33.46506293858117
2043,40.0,13.0,33.46506293858117
2044,40.0,30.0,33.46506293858117
2045,40.0,15.0,33.46506293858117
2046,40.0,30.0,33.46506293858117
2047,40.0,29.0,33.46506293858117
2048,40.0,30.0,33.46506293858117
2049,40.0,20.0,33.46506293858117
2050,40.0,30.0,33.46506293858117
2051,40.0,63.0,33.46506293858117
2052,40.0,11.0,33.46506293858117
2053,40.0,10.0,33.46506293858117
2054,40.0,10.0,33.46506293858117
2055,40.0,15.0,33.46506293858117
2056,40.0,91.0,33.46506293858117
2057,40.0,50.0,33.46506293858117
2058,40.0,10.0,33.46506293858117
2059,40.0,15.0,33.46506293858117
2060,40.0,10.0,33.46506293858117
2061,40.0,30.0,33.46506293858117
2062,40.0,14.0,33.46506293858117
2063,40.0,25.0,33.46506293858117
2064,40.0,30.0,33.46506293858117
2065,40.0,10.0,33.46506293858117
2066,40.0,50.0,33.46506293858117
2067,40.0,30.0,33.46506293858117
2068,40.0,220.0,33.46506293858117
2069,40.0,90.0,33.46506293858117
2070,40.0,14.0,33.46506293858117
2071,40.0,31.0,33.46506293858117
2072,39.0,13.0,33.25348686376836
2073,39.0,12.0,33.25348686376836
2074,39.0,30.0,33.25348686376836
2075,39.0,100.0,33.25348686376836
2076,39.0,15.0,33.25348686376836
2077,39.0,15.0,33.25348686376836
2078,39.0,21.0,33.25348686376836
2079,39.0,30.0,33.25348686376836
2080,39.0,11.0,33.25348686376836
2081,39.0,12.0,33.25348686376836
2082,39.0,30.0,33.25348686376836
2083,39.0,45.0,33.25348686376836
2084,39.0,30.0,33.25348686376836
2085,39.0,21.0,33.25348686376836
2086,39.0,14.0,33.25348686376836
2087,39.0,10.0,33.25348686376836
2088,39.0,25.0,33.25348686376836
2089,39.0,30.0,33.25348686376836
2090,39.0,15.0,33.25348686376836
2091,39.0,30.0,33.25348686376836
2092,39.0,20.0,33.25348686376836
2093,39.0,300.0,33.25348686376836
2094,39.0,12.0,33.25348686376836
2095,39.0,27.0,33.25348686376836
2096,39.0,10.0,33.25348686376836
2097,39.0,365.0,33.25348686376836
2098,39.0,13.0,33.25348686376836
2099,39.0,30.0,33.25348686376836
2100,39.0,120.0,33.25348686376836
2101,39.0,25.0,33.25348686376836
2102,39.0,10.0,33.25348686376836
2103,38.0,275.0,33.04191078895555
2104,38.0,30.0,33.04191078895555
2105,38.0,28.0,33.04191078895555
2106,38.0,10.0,33.04191078895555
2107,38.0,30.0,33.04191078895555
2108,38.0,13.0,33.04191078895555
2109,38.0,12.0,33.04191078895555
2110,38.0,13.0,33.04191078895555
2111,38.0,30.0,33.04191078895555
2112,38.0,30.0,33.04191078895555
2113,38.0,30.0,33.04191078895555
2114,38.0,10.0,33.04191078895555
2115,38.0,21.0,33.04191078895555
2116,38.0,12.0,33.04191078895555
2117,38.0,20.0,33.04191078895555
2118,38.0,10.0,33.04191078895555
2119,37.0,14.0,32.83033471414273
2120,37.0,20.0,32.83033471414273
2121,37.0,25.0,32.83033471414273
2122,37.0,12.0,32.83033471414273
2123,37.0,20.0,32.83033471414273
2124,37.0,15.0,32.83033471414273
2125,37.0,20.0,32.83033471414273
2126,37.0,30.0,32.83033471414273
2127,37.0,17.0,32.83033471414273
2128,37.0,14.0,32.83033471414273
2129,37.0,10.0,32.83033471414273
2130,37.0,12.0,32.83033471414273
2131,37.0,30.0,32.83033471414273
2132,37.0,14.0,32.83033471414273
2133,37.0,30.0,32.83033471414273
2134,37.0,30.0,32.83033471414273
2135,37.0,10.0,32.83033471414273
2136,37.0,10.0,32.83033471414273
2137,37.0,30.0,32.83033471414273
2138,37.0,15.0,32.83033471414273
2139,37.0,12.0,32.83033471414273
2140,36.0,14.0,32.61875863932992
2141,36.0,14.0,32.61875863932992
2142,36.0,14.0,32.61875863932992
2143,36.0,30.0,32.61875863932992
2144,36.0,30.0,32.61875863932992
2145,36.0,14.0,32.61875863932992
2146,36.0,15.0,32.61875863932992
2147,36.0,30.0,32.61875863932992
2148,36.0,30.0,32.61875863932992
2149,36.0,30.0,32.61875863932992
2150,36.0,30.0,32.61875863932992
2151,36.0,10.0,32.61875863932992
2152,36.0,31.0,32.61875863932992
2153,36.0,14.0,32.61875863932992
2154,36.0,11.0,32.61875863932992
2155,36.0,18.0,32.61875863932992
2156,36.0,18.0,32.61875863932992
2157,36.0,25.0,32.61875863932992
2158,35.0,15.0,32.40718256451711
2159,35.0,15.0,32.40718256451711
2160,35.0,10.0,32.40718256451711
2161,35.0,30.0,32.40718256451711
2162,35.0,30.0,32.40718256451711
2163,35.0,10.0,32.40718256451711
2164,35.0,20.0,32.40718256451711
2165,35.0,91.0,32.40718256451711
2166,35.0,31.0,32.40718256451711
2167,35.0,14.0,32.40718256451711
2168,35.0,25.0,32.40718256451711
2169,35.0,30.0,32.40718256451711
2170,35.0,14.0,32.40718256451711
2171,35.0,29.0,32.40718256451711
2172,35.0,45.0,32.40718256451711
2173,35.0,30.0,32.40718256451711
2174,35.0,14.0,32.40718256451711
2175,35.0,13.0,32.40718256451711
2176,35.0,30.0,32.40718256451711
2177,35.0,60.0,32.40718256451711
2178,35.0,15.0,32.40718256451711
2179,35.0,29.0,32.40718256451711
2180,35.0,15.0,32.40718256451711
2181,35.0,12.0,32.40718256451711
2182,35.0,14.0,32.40718256451711
2183,35.0,14.0,32.40718256451711
2184,35.0,14.0,32.40718256451711
2185,35.0,15.0,32.40718256451711
2186,35.0,15.0,32.40718256451711
2187,35.0,10.0,32.40718256451711
2188,35.0,10.0,32.40718256451711
2189,35.0,10.0,32.40718256451711
2190,35.0,15.0,32.40718256451711
2191,35.0,14.0,32.40718256451711
2192,35.0,20.0,32.40718256451711
2193,35.0,30.0,32.40718256451711
2194,35.0,15.0,32.40718256451711
2195,35.0,10.0,32.40718256451711
2196,35.0,20.0,32.40718256451711
2197,35.0,15.0,32.40718256451711
2198,35.0,15.0,32.40718256451711
2199,35.0,365.0,32.40718256451711
2200,35.0,15.0,32.40718256451711
2201,35.0,28.0,32.40718256451711
2202,35.0,30.0,32.40718256451711
2203,35.0,10.0,32.40718256451711
2204,35.0,10.0,32.40718256451711
2205,35.0,30.0,32.40718256451711
2206,35.0,20.0,32.40718256451711
2207,35.0,30.0,32.40718256451711
2208,35.0,15.0,32.40718256451711
2209,35.0,30.0,32.40718256451711
2210,35.0,25.0,32.40718256451711
2211,35.0,25.0,32.40718256451711
2212,35.0,13.0,32.40718256451711
2213,35.0,28.0,32.40718256451711
2214,35.0,15.0,32.40718256451711
2215,35.0,10.0,32.40718256451711
2216,35.0,30.0,32.40718256451711
2217,35.0,30.0,32.40718256451711
2218,35.0,15.0,32.40718256451711
2219,35.0,15.0,32.40718256451711
2220,35.0,10.0,32.40718256451711
2221,35.0,10.0,32.40718256451711
2222,35.0,10.0,32.40718256451711
2223,35.0,14.0,32.40718256451711
2224,35.0,10.0,32.40718256451711
2225,35.0,14.0,32.40718256451711
2226,35.0,15.0,32.40718256451711
2227,35.0,30.0,32.40718256451711
2228,35.0,91.0,32.40718256451711
2229,35.0,15.0,32.40718256451711
2230,35.0,30.0,32.40718256451711
2231,35.0,10.0,32.40718256451711
2232,35.0,15.0,32.40718256451711
2233,34.0,250.0,32.19560648970429
2234,34.0,15.0,32.19560648970429
2235,34.0,90.0,32.19560648970429
2236,34.0,10.0,32.19560648970429
2237,33.0,90.0,31.98403041489148
2238,33.0,23.0,31.98403041489148
2239,33.0,30.0,31.98403041489148
2240,33.0,300.0,31.98403041489148
2241,33.0,50.0,31.98403041489148
2242,33.0,21.0,31.98403041489148
2243,33.0,90.0,31.98403041489148
2244,33.0,15.0,31.98403041489148
2245,33.0,10.0,31.98403041489148
2246,33.0,30.0,31.98403041489148
2247,33.0,10.0,31.98403041489148
2248,33.0,14.0,31.98403041489148
2249,33.0,45.0,31.98403041489148
2250,33.0,21.0,31.98403041489148
2251,32.0,14.0,31.772454340078667
2252,32.0,30.0,31.772454340078667
2253,32.0,15.0,31.772454340078667
2254,32.0,10.0,31.772454340078667
2255,32.0,27.0,31.772454340078667
2256,32.0,60.0,31.772454340078667
2257,32.0,91.0,31.772454340078667
2258,32.0,13.0,31.772454340078667
2259,32.0,19.0,31.772454340078667
2260,32.0,30.0,31.772454340078667
2261,32.0,15.0,31.772454340078667
2262,32.0,45.0,31.772454340078667
2263,32.0,12.0,31.772454340078667
2264,32.0,15.0,31.772454340078667
2265,32.0,10.0,31.772454340078667
2266,32.0,30.0,31.772454340078667
2267,32.0,10.0,31.772454340078667
2268,32.0,15.0,31.772454340078667
2269,31.0,20.0,31.560878265265853
2270,31.0,13.0,31.560878265265853
2271,31.0,10.0,31.560878265265853
2272,31.0,20.0,31.560878265265853
2273,31.0,15.0,31.560878265265853
2274,31.0,14.0,31.560878265265853
2275,30.0,28.0,31.349302190453038
2276,30.0,11.0,31.349302190453038
2277,30.0,14.0,31.349302190453038
2278,30.0,14.0,31.349302190453038
2279,30.0,30.0,31.349302190453038
2280,30.0,15.0,31.349302190453038
2281,30.0,15.0,31.349302190453038
2282,30.0,15.0,31.349302190453038
2283,30.0,14.0,31.349302190453038
2284,30.0,30.0,31.349302190453038
2285,30.0,30.0,31.349302190453038
2286,30.0,10.0,31.349302190453038
2287,30.0,14.0,31.349302190453038
2288,30.0,90.0,31.349302190453038
2289,30.0,30.0,31.349302190453038
2290,30.0,14.0,31.349302190453038
2291,30.0,10.0,31.349302190453038
2292,30.0,30.0,31.349302190453038
2293,30.0,15.0,31.349302190453038
2294,30.0,30.0,31.349302190453038
2295,30.0,14.0,31.349302190453038
2296,30.0,10.0,31.349302190453038
2297,30.0,26.0,31.349302190453038
2298,30.0,14.0,31.349302190453038
2299,30.0,10.0,31.349302190453038
2300,30.0,21.0,31.349302190453038
2301,30.0,30.0,31.349302190453038
2302,30.0,15.0,31.349302190453038
2303,30.0,90.0,31.349302190453038
2304,30.0,90.0,31.349302190453038
2305,30.0,60.0,31.349302190453038
2306,30.0,20.0,31.349302190453038
2307,30.0,25.0,31.349302190453038
2308,30.0,10.0,31.349302190453038
2309,30.0,30.0,31.349302190453038
2310,30.0,30.0,31.349302190453038
2311,30.0,30.0,31.349302190453038
2312,30.0,28.0,31.349302190453038
2313,30.0,10.0,31.349302190453038
2314,30.0,14.0,31.349302190453038
2315,30.0,180.0,31.349302190453038
2316,30.0,13.0,31.349302190453038
2317,30.0,15.0,31.349302190453038
2318,30.0,10.0,31.349302190453038
2319,30.0,22.0,31.349302190453038
2320,30.0,15.0,31.349302190453038
2321,30.0,15.0,31.349302190453038
2322,30.0,14.0,31.349302190453038
2323,30.0,25.0,31.349302190453038
2324,30.0,30.0,31.349302190453038
2325,30.0,31.0,31.349302190453038
2326,30.0,30.0,31.349302190453038
2327,30.0,10.0,31.349302190453038
2328,30.0,14.0,31.349302190453038
2329,30.0,50.0,31.349302190453038
2330,30.0,15.0,31.349302190453038
2331,30.0,14.0,31.349302190453038
2332,30.0,15.0,31.349302190453038
2333,30.0,14.0,31.349302190453038
2334,29.0,120.0,31.137726115640227
2335,29.0,30.0,31.137726115640227
2336,29.0,25.0,31.137726115640227
2337,29.0,10.0,31.137726115640227
2338,29.0,30.0,31.137726115640227
2339,29.0,30.0,31.137726115640227
2340,29.0,30.0,31.137726115640227
2341,29.0,20.0,31.137726115640227
2342,29.0,14.0,31.137726115640227
2343,29.0,30.0,31.137726115640227
2344,29.0,31.0,31.137726115640227
2345,29.0,90.0,31.137726115640227
2346,29.0,32.0,31.137726115640227
2347,29.0,75.0,31.137726115640227
2348,29.0,10.0,31.137726115640227
2349,28.0,28.0,30.926150040827416
2350,28.0,45.0,30.926150040827416
2351,28.0,20.0,30.926150040827416
2352,28.0,10.0,30.926150040827416
2353,28.0,30.0,30.926150040827416
2354,28.0,14.0,30.926150040827416
2355,28.0,30.0,30.926150040827416
2356,28.0,30.0,30.926150040827416
2357,28.0,25.0,30.926150040827416
2358,28.0,15.0,30.926150040827416
2359,28.0,27.0,30.926150040827416
2360,28.0,30.0,30.926150040827416
2361,28.0,20.0,30.926150040827416
2362,28.0,28.0,30.926150040827416
2363,28.0,28.0,30.926150040827416
2364,27.0,120.0,30.7145739660146
2365,27.0,14.0,30.7145739660146
2366,27.0,30.0,30.7145739660146
2367,27.0,20.0,30.7145739660146
2368,27.0,10.0,30.7145739660146
2369,27.0,10.0,30.7145739660146
2370,27.0,14.0,30.7145739660146
2371,27.0,30.0,30.7145739660146
2372,27.0,15.0,30.7145739660146
2373,26.0,10.0,30.502997891201787
2374,26.0,14.0,30.502997891201787
2375,26.0,30.0,30.502997891201787
2376,26.0,28.0,30.502997891201787
2377,26.0,10.0,30.502997891201787
2378,26.0,12.0,30.502997891201787
2379,26.0,30.0,30.502997891201787
2380,26.0,10.0,30.502997891201787
2381,26.0,14.0,30.502997891201787
2382,25.0,10.0,30.291421816388976
2383,25.0,20.0,30.291421816388976
2384,25.0,90.0,30.291421816388976
2385,25.0,30.0,30.291421816388976
2386,25.0,10.0,30.291421816388976
2387,25.0,30.0,30.291421816388976
2388,25.0,24.0,30.291421816388976
2389,25.0,30.0,30.291421816388976
2390,25.0,15.0,30.291421816388976
2391,25.0,20.0,30.291421816388976
2392,25.0,21.0,30.291421816388976
2393,25.0,31.0,30.291421816388976
2394,25.0,14.0,30.291421816388976
2395,25.0,14.0,30.291421816388976
2396,25.0,15.0,30.291421816388976
2397,25.0,10.0,30.291421816388976
2398,25.0,20.0,30.291421816388976
2399,25.0,25.0,30.291421816388976
2400,25.0,14.0,30.291421816388976
2401,25.0,10.0,30.291421816388976
2402,25.0,30.0,30.291421816388976
2403,25.0,15.0,30.291421816388976
2404,25.0,10.0,30.291421816388976
2405,25.0,10.0,30.291421816388976
2406,25.0,30.0,30.291421816388976
2407,25.0,20.0,30.291421816388976
2408,25.0,21.0,30.291421816388976
2409,24.0,28.0,30.07984574157616
2410,24.0,60.0,30.07984574157616
2411,24.0,30.0,30.07984574157616
2412,24.0,10.0,30.07984574157616
2413,24.0,12.0,30.07984574157616
2414,23.0,27.0,29.868269666763346
2415,23.0,15.0,29.868269666763346
2416,23.0,16.0,29.868269666763346
2417,23.0,15.0,29.868269666763346
2418,23.0,60.0,29.868269666763346
2419,23.0,30.0,29.868269666763346
2420,23.0,30.0,29.868269666763346
2421,23.0,120.0,29.868269666763346
2422,22.0,10.0,29.656693591950535
2423,22.0,30.0,29.656693591950535
2424,22.0,20.0,29.656693591950535
2425,22.0,30.0,29.656693591950535
2426,21.0,12.0,29.44511751713772
2427,20.0,15.0,29.23354144232491
2428,20.0,80.0,29.23354144232491
2429,20.0,30.0,29.23354144232491
2430,20.0,18.0,29.23354144232491
2431,20.0,20.0,29.23354144232491
2432,20.0,20.0,29.23354144232491
2433,20.0,15.0,29.23354144232491
2434,20.0,30.0,29.23354144232491
2435,20.0,30.0,29.23354144232491
2436,20.0,10.0,29.23354144232491
2437,20.0,270.0,29.23354144232491
2438,20.0,21.0,29.23354144232491
2439,18.0,90.0,28.810389292699284
2440,18.0,20.0,28.810389292699284
2441,15.0,21.0,28.175661068260844
2442,15.0,15.0,28.175661068260844
2443,15.0,28.0,28.175661068260844
2444,14.0,25.0,27.96408499344803
2445,14.0,10.0,27.96408499344803
2446,13.0,25.0,27.75250891863522
2447,10.0,14.0,27.117780694196778
2448,10.0,25.0,27.117780694196778
2449,10.0,30.0,27.117780694196778
2450,9.0,120.0,26.906204619383963
